tract_geoid,community_plan_area,council_district,permits_per_1000_units,pressure_score_equal_weight,quadrant
06037265304,Westwood,5,61.95,96.4,High pressure / Low development (priority gap)
06037265307,Westwood,5,4.84,89.5,High pressure / Low development (priority gap)
06037265303,Westwood,5,31.68,88.5,High pressure / Low development (priority gap)
06037224702,South Los Angeles,9,43.0,85.9,High pressure / Low development (priority gap)
06037209202,Westlake,1,3.27,82.9,High pressure / Low development (priority gap)
06037205120,Boyle Heights,14,41.71,81.7,High pressure / Low development (priority gap)
06037209103,Westlake,1,44.68,81.3,High pressure / Low development (priority gap)
06037265306,Westwood,5,31.25,81.2,High pressure / Low development (priority gap)
06037236203,West Adams - Baldwin Hills - Leimert,10,114.82,80.8,High pressure / Low development (priority gap)
06037224701,South Los Angeles,9,37.74,80.7,High pressure / Low development (priority gap)
06037209300,Westlake,1,14.48,80.4,High pressure / Low development (priority gap)
06037238320,South Los Angeles,8,145.15,79.9,High pressure / Low development (priority gap)
06037242600,Southeast Los Angeles,15,15.0,79.7,High pressure / Low development (priority gap)
06037236205,West Adams - Baldwin Hills - Leimert,10,24.6,79.6,High pressure / Low development (priority gap)
06037221810,South Los Angeles,8,103.21,78.9,High pressure / Low development (priority gap)
06037222700,South Los Angeles,9,14.08,78.9,High pressure / Low development (priority gap)
06037234902,West Adams - Baldwin Hills - Leimert,8,124.65,78.5,High pressure / Low development (priority gap)
06037209105,Westlake,1,22.39,78.1,High pressure / Low development (priority gap)
06037192610,Wilshire,13,89.84,77.8,High pressure / Low development (priority gap)
06037101222,Sunland-E LaTuna Cyn-Lakevw Ter-Shadow Hls-Tujunga,7,27.03,77.6,High pressure / Low development (priority gap)
06037212303,Wilshire,10,13.89,77.3,High pressure / Low development (priority gap)
06037209520,Westlake,1,57.69,77.2,High pressure / Low development (priority gap)
06037119340,Mission Hills - Panorama City - North Hills,6,15.93,77.1,High pressure / Low development (priority gap)
06037128303,Van Nuys - North Sherman Oaks,6,94.32,77.1,High pressure / Low development (priority gap)
06037117520,Mission Hills - Panorama City - North Hills,6,79.31,76.9,High pressure / Low development (priority gap)
06037111304,Granada Hills - Knollwood,12,8.44,76.9,High pressure / Low development (priority gap)
06037226001,Southeast Los Angeles,9,110.02,76.7,High pressure / Low development (priority gap)
06037224020,Southeast Los Angeles,9,57.73,76.6,High pressure / Low development (priority gap)
06037190510,Hollywood,13,30.76,76.6,High pressure / Low development (priority gap)
06037294820,Wilmington - Harbor City,15,66.07,76.5,High pressure / Low development (priority gap)
06037224320,Westlake,1,46.63,76.4,High pressure / Low development (priority gap)
06037211921,Wilshire,10,15.7,76.3,High pressure / Low development (priority gap)
06037208802,Westlake,1,30.22,76.2,High pressure / Low development (priority gap)
06037207303,Central City,14,2.36,76.2,High pressure / Low development (priority gap)
06037203601,Boyle Heights,14,69.09,76.0,High pressure / Low development (priority gap)
06037206303,Central City,14,11.4,76.0,High pressure / Low development (priority gap)
06037214903,Wilshire,5,59.45,75.9,High pressure / Low development (priority gap)
06037120103,Mission Hills - Panorama City - North Hills,6,71.18,75.9,High pressure / Low development (priority gap)
06037224010,Central City,14,18.95,75.8,High pressure / Low development (priority gap)
06037207103,Central City North,1,58.82,75.6,High pressure / Low development (priority gap)
06037212306,Wilshire,10,37.77,75.6,High pressure / Low development (priority gap)
06037211803,Wilshire,10,21.63,75.5,High pressure / Low development (priority gap)
06037208902,Westlake,1,27.97,75.4,High pressure / Low development (priority gap)
06037236204,West Adams - Baldwin Hills - Leimert,10,78.02,75.4,High pressure / Low development (priority gap)
06037191203,Hollywood,13,84.38,75.2,High pressure / Low development (priority gap)
06037208301,Westlake,1,58.0,75.0,High pressure / Low development (priority gap)
06037117510,Mission Hills - Panorama City - North Hills,7,57.17,75.0,High pressure / Low development (priority gap)
06037209510,Westlake,1,25.08,75.0,High pressure / Low development (priority gap)
06037125322,North Hollywood - Valley Village,2,7.2,74.9,High pressure / Low development (priority gap)
06037190101,Hollywood,13,11.58,74.8,High pressure / Low development (priority gap)
06037117405,Mission Hills - Panorama City - North Hills,7,62.91,74.8,High pressure / Low development (priority gap)
06037209403,Westlake,1,6.37,74.6,High pressure / Low development (priority gap)
06037120104,Mission Hills - Panorama City - North Hills,6,51.44,74.5,High pressure / Low development (priority gap)
06037189502,Hollywood,4,78.25,74.5,High pressure / Low development (priority gap)
06037213201,Wilshire,10,37.58,74.5,High pressure / Low development (priority gap)
06037190201,Hollywood,13,20.64,74.4,High pressure / Low development (priority gap)
06037212203,Wilshire,10,18.86,74.4,High pressure / Low development (priority gap)
06037139505,Encino - Tarzana,4,33.17,74.4,High pressure / Low development (priority gap)
06037211804,Wilshire,10,38.88,74.4,High pressure / Low development (priority gap)
06037191120,Hollywood,13,105.29,74.2,High pressure / Low development (priority gap)
06037206302,Central City,14,1.27,74.2,High pressure / Low development (priority gap)
06037190202,Hollywood,13,14.41,74.1,High pressure / Low development (priority gap)
06037209810,Westlake,1,33.59,74.1,High pressure / Low development (priority gap)
06037191710,Hollywood,13,98.23,74.1,High pressure / Low development (priority gap)
06037211310,Wilshire,10,36.15,74.1,High pressure / Low development (priority gap)
06037191201,Hollywood,13,55.33,74.0,High pressure / Low development (priority gap)
06037106407,Sylmar,7,41.8,74.0,High pressure / Low development (priority gap)
06037207304,Central City,14,0.53,74.0,High pressure / Low development (priority gap)
06037208904,Westlake,1,14.72,73.9,High pressure / Low development (priority gap)
06037209401,Westlake,1,28.71,73.9,High pressure / Low development (priority gap)
06037213402,Wilshire,1,73.26,73.8,High pressure / Low development (priority gap)
06037211122,Wilshire,13,21.69,73.8,High pressure / Low development (priority gap)
06037117407,Mission Hills - Panorama City - North Hills,6,43.9,73.8,High pressure / Low development (priority gap)
06037208720,Westlake,1,24.51,73.7,High pressure / Low development (priority gap)
06037134305,Canoga Park-West Hills-Winnetka-Woodland Hills,3,32.18,73.7,High pressure / Low development (priority gap)
06037120107,Mission Hills - Panorama City - North Hills,6,48.43,73.4,High pressure / Low development (priority gap)
06037212304,Wilshire,10,43.03,73.3,High pressure / Low development (priority gap)
06037212620,Wilshire,4,67.57,73.1,High pressure / Low development (priority gap)
06037211320,Wilshire,10,68.81,73.0,High pressure / Low development (priority gap)
06037117408,Mission Hills - Panorama City - North Hills,6,62.17,72.9,High pressure / Low development (priority gap)
06037211922,Wilshire,10,20.73,72.9,High pressure / Low development (priority gap)
06037208401,Westlake,1,71.82,72.7,High pressure / Low development (priority gap)
06037211802,Wilshire,10,41.39,72.7,High pressure / Low development (priority gap)
06037206202,Central City,14,9.79,72.5,High pressure / Low development (priority gap)
06037212305,Wilshire,10,81.52,72.5,High pressure / Low development (priority gap)
06037236102,West Adams - Baldwin Hills - Leimert,8,21.18,72.4,High pressure / Low development (priority gap)
06037224420,South Los Angeles,1,59.5,72.4,High pressure / Low development (priority gap)
06037213401,Wilshire,1,36.07,72.4,High pressure / Low development (priority gap)
06037238310,South Los Angeles,8,112.23,72.4,High pressure / Low development (priority gap)
06037209104,Westlake,1,16.9,72.3,High pressure / Low development (priority gap)
06037208903,Westlake,1,27.71,72.3,High pressure / Low development (priority gap)
06037120020,Mission Hills - Panorama City - North Hills,6,76.86,72.2,High pressure / Low development (priority gap)
06037228500,Southeast Los Angeles,9,122.78,72.2,High pressure / Low development (priority gap)
06037125321,North Hollywood - Valley Village,2,47.14,72.2,High pressure / Low development (priority gap)
06037208801,Westlake,1,15.41,72.1,High pressure / Low development (priority gap)
06037224410,South Los Angeles,1,137.9,72.1,High pressure / Low development (priority gap)
06037128210,Van Nuys - North Sherman Oaks,6,95.87,72.0,High pressure / Low development (priority gap)
06037191720,Hollywood,13,96.84,72.0,High pressure / Low development (priority gap)
06037240010,Southeast Los Angeles,9,89.89,72.0,High pressure / Low development (priority gap)
06037190401,Hollywood,4,56.41,72.0,High pressure / Low development (priority gap)
06037236101,West Adams - Baldwin Hills - Leimert,10,108.54,71.9,High pressure / Low development (priority gap)
06037212420,Wilshire,10,51.28,71.9,High pressure / Low development (priority gap)
06037211910,Wilshire,10,32.23,71.9,High pressure / Low development (priority gap)
06037214505,Wilshire,5,7.04,71.9,High pressure / Low development (priority gap)
06037190102,Hollywood,13,29.57,71.8,High pressure / Low development (priority gap)
06037234302,West Adams - Baldwin Hills - Leimert,10,103.81,71.8,High pressure / Low development (priority gap)
06037207502,Central City,14,2.1,71.8,High pressure / Low development (priority gap)
06037204600,Boyle Heights,14,98.87,71.8,High pressure / Low development (priority gap)
06037206054,Boyle Heights,14,42.96,71.8,High pressure / Low development (priority gap)
06037212102,Wilshire,10,17.1,71.8,High pressure / Low development (priority gap)
06037120030,Mission Hills - Panorama City - North Hills,6,71.53,71.7,High pressure / Low development (priority gap)
06037234901,West Adams - Baldwin Hills - Leimert,8,83.58,71.7,High pressure / Low development (priority gap)
06037191810,Hollywood,13,129.73,71.6,High pressure / Low development (priority gap)
06037190901,Hollywood,13,92.79,71.6,High pressure / Low development (priority gap)
06037212101,Wilshire,10,10.12,71.6,High pressure / Low development (priority gap)
06037294701,Wilmington - Harbor City,15,55.0,71.6,High pressure / Low development (priority gap)
06037211202,Wilshire,10,55.15,71.6,High pressure / Low development (priority gap)
06037199120,Northeast Los Angeles,14,78.35,71.5,High pressure / Low development (priority gap)
06037212501,Wilshire,10,14.91,71.5,High pressure / Low development (priority gap)
06037191610,Hollywood,13,103.83,71.5,High pressure / Low development (priority gap)
06037212502,Wilshire,10,20.0,71.5,High pressure / Low development (priority gap)
06037191000,Hollywood,13,30.44,71.5,High pressure / Low development (priority gap)
06037127520,Reseda - West Van Nuys,6,28.63,71.4,High pressure / Low development (priority gap)
06037221401,South Los Angeles,10,91.54,71.3,High pressure / Low development (priority gap)
06037221120,South Los Angeles,1,83.43,71.3,High pressure / Low development (priority gap)
06037117530,Mission Hills - Panorama City - North Hills,6,42.54,71.3,High pressure / Low development (priority gap)
06037208502,Westlake,13,58.1,71.2,High pressure / Low development (priority gap)
06037213320,Wilshire,10,65.91,71.2,High pressure / Low development (priority gap)
06037228900,Southeast Los Angeles,9,31.66,71.1,High pressure / Low development (priority gap)
06037231902,Southeast Los Angeles,9,55.97,71.1,High pressure / Low development (priority gap)
06037237202,South Los Angeles,8,145.48,71.0,High pressure / Low development (priority gap)
06037226410,Southeast Los Angeles,9,70.2,71.0,High pressure / Low development (priority gap)
06037212410,Wilshire,10,16.27,71.0,High pressure / Low development (priority gap)
06037231710,South Los Angeles,9,69.98,70.9,High pressure / Low development (priority gap)
06037204200,Boyle Heights,14,121.38,70.9,High pressure / Low development (priority gap)
06037221500,South Los Angeles,8,117.24,70.8,High pressure / Low development (priority gap)
06037189904,Hollywood,4,39.53,70.7,High pressure / Low development (priority gap)
06037122122,Sun Valley - La Tuna Canyon,6,77.75,70.7,High pressure / Low development (priority gap)
06037228410,Southeast Los Angeles,9,106.9,70.7,High pressure / Low development (priority gap)
06037209106,Westlake,1,4.43,70.6,High pressure / Low development (priority gap)
06037296600,San Pedro,15,100.27,70.6,High pressure / Low development (priority gap)
06037229410,Southeast Los Angeles,9,109.43,70.6,High pressure / Low development (priority gap)
06037234301,West Adams - Baldwin Hills - Leimert,10,125.7,70.6,High pressure / Low development (priority gap)
06037123304,North Hollywood - Valley Village,2,141.33,70.6,High pressure / Low development (priority gap)
06037125404,North Hollywood - Valley Village,2,20.44,70.6,High pressure / Low development (priority gap)
06037294810,Wilmington - Harbor City,15,67.7,70.5,High pressure / Low development (priority gap)
06037124104,North Hollywood - Valley Village,2,139.41,70.4,High pressure / Low development (priority gap)
06037190801,Hollywood,13,85.9,70.3,High pressure / Low development (priority gap)
06037134521,Canoga Park-West Hills-Winnetka-Woodland Hills,3,110.1,70.3,High pressure / Low development (priority gap)
06037212204,Wilshire,1,19.3,70.3,High pressure / Low development (priority gap)
06037211124,Wilshire,1,13.61,70.3,High pressure / Low development (priority gap)
06037211121,Wilshire,13,80.69,70.3,High pressure / Low development (priority gap)
06037240401,South Los Angeles,8,101.1,70.2,High pressure / Low development (priority gap)
06037210010,Westlake,1,49.68,70.2,High pressure / Low development (priority gap)
06037192510,Wilshire,13,137.02,70.1,High pressure / Low development (priority gap)
06037229200,Southeast Los Angeles,9,87.88,70.1,High pressure / Low development (priority gap)
06037190701,Hollywood,13,13.49,70.1,High pressure / Low development (priority gap)
06037192620,Wilshire,13,59.23,70.1,High pressure / Low development (priority gap)
06037113425,Chatsworth - Porter Ranch,3,5.09,70.0,High pressure / Low development (priority gap)
06037206053,Boyle Heights,14,31.14,70.0,High pressure / Low development (priority gap)
06037292001,Harbor Gateway,15,51.74,70.0,High pressure / Low development (priority gap)
06037199900,Northeast Los Angeles,14,99.78,69.9,High pressure / Low development (priority gap)
06037209402,Westlake,1,21.16,69.9,High pressure / Low development (priority gap)
06037231220,South Los Angeles,9,73.66,69.8,High pressure / Low development (priority gap)
06037190520,Hollywood,13,57.62,69.8,High pressure / Low development (priority gap)
06037134520,Canoga Park-West Hills-Winnetka-Woodland Hills,3,60.66,69.5,High pressure / Low development (priority gap)
06037231100,Southeast Los Angeles,9,116.67,69.5,High pressure / Low development (priority gap)
06037120106,Mission Hills - Panorama City - North Hills,6,68.99,69.4,High pressure / Low development (priority gap)
06037134522,Canoga Park-West Hills-Winnetka-Woodland Hills,3,122.05,69.4,High pressure / Low development (priority gap)
06037207101,Central City North,1,29.67,69.4,High pressure / Low development (priority gap)
06037127220,Van Nuys - North Sherman Oaks,6,134.19,69.4,High pressure / Low development (priority gap)
06037113239,Chatsworth - Porter Ranch,3,33.3,69.3,High pressure / Low development (priority gap)
06037127604,Van Nuys - North Sherman Oaks,6,90.56,69.3,High pressure / Low development (priority gap)
06037203300,Northeast Los Angeles,14,108.41,69.3,High pressure / Low development (priority gap)
06037243100,Southeast Los Angeles,15,103.02,69.2,High pressure / Low development (priority gap)
06037209201,Westlake,1,2.9,69.1,High pressure / Low development (priority gap)
06037190402,Hollywood,13,31.8,69.0,High pressure / Low development (priority gap)
06037199001,Northeast Los Angeles,1,41.06,69.0,High pressure / Low development (priority gap)
06037134710,Canoga Park-West Hills-Winnetka-Woodland Hills,3,127.5,68.9,High pressure / Low development (priority gap)
06037191302,Hollywood,13,123.95,68.9,High pressure / Low development (priority gap)
06037212202,Wilshire,1,34.92,68.8,High pressure / Low development (priority gap)
06037192420,Wilshire,4,115.26,68.7,High pressure / Low development (priority gap)
06037231800,Southeast Los Angeles,9,88.42,68.7,High pressure / Low development (priority gap)
06037294900,Wilmington - Harbor City,15,70.49,68.7,High pressure / Low development (priority gap)
06037296220,San Pedro,15,22.96,68.7,High pressure / Low development (priority gap)
06037101221,Sunland-E LaTuna Cyn-Lakevw Ter-Shadow Hls-Tujunga,7,42.7,68.6,High pressure / Low development (priority gap)
06037191620,Hollywood,13,81.61,68.6,High pressure / Low development (priority gap)
06037228210,Southeast Los Angeles,9,79.48,68.6,High pressure / Low development (priority gap)
06037131801,Reseda - West Van Nuys,3,94.71,68.5,High pressure / Low development (priority gap)
06037207400,Central City,14,12.49,68.5,High pressure / Low development (priority gap)
06037224200,Westlake,1,54.68,68.4,High pressure / Low development (priority gap)
06037191110,Hollywood,13,67.2,68.4,High pressure / Low development (priority gap)
06037199700,Northeast Los Angeles,1,61.51,68.2,High pressure / Low development (priority gap)
06037228600,Southeast Los Angeles,9,104.86,68.1,High pressure / Low development (priority gap)
06037191820,Hollywood,13,56.4,67.9,High pressure / Low development (priority gap)
06037134306,Canoga Park-West Hills-Winnetka-Woodland Hills,3,126.63,67.9,High pressure / Low development (priority gap)
06037191901,Hollywood,4,72.97,67.9,High pressure / Low development (priority gap)
06037228320,Southeast Los Angeles,9,124.84,67.8,High pressure / Low development (priority gap)
06037221303,South Los Angeles,10,109.83,67.7,High pressure / Low development (priority gap)
06037228220,Southeast Los Angeles,9,95.97,67.7,High pressure / Low development (priority gap)
06037236206,West Adams - Baldwin Hills - Leimert,10,26.13,67.7,High pressure / Low development (priority gap)
06037232110,South Los Angeles,9,116.65,67.7,High pressure / Low development (priority gap)
06037206050,Boyle Heights,14,28.75,67.7,High pressure / Low development (priority gap)
06037231301,South Los Angeles,8,68.48,67.6,High pressure / Low development (priority gap)
06037211201,Wilshire,10,103.72,67.6,High pressure / Low development (priority gap)
06037237720,South Los Angeles,8,118.39,67.6,High pressure / Low development (priority gap)
06037226420,Southeast Los Angeles,9,96.4,67.5,High pressure / Low development (priority gap)
06037192520,Wilshire,13,115.64,67.5,High pressure / Low development (priority gap)
06037221402,South Los Angeles,10,129.84,67.4,High pressure / Low development (priority gap)
06037296902,San Pedro,15,126.48,67.3,High pressure / Low development (priority gap)
06037239701,Southeast Los Angeles,9,101.92,67.3,High pressure / Low development (priority gap)
06037232120,South Los Angeles,9,121.04,67.3,High pressure / Low development (priority gap)
06037208002,Westlake,1,35.48,67.2,High pressure / Low development (priority gap)
06037204420,Boyle Heights,14,63.19,67.2,High pressure / Low development (priority gap)
06037190702,Hollywood,13,56.68,67.1,High pressure / Low development (priority gap)
06037208620,Westlake,13,85.39,67.0,High pressure / Low development (priority gap)
06037125403,North Hollywood - Valley Village,2,26.37,67.0,High pressure / Low development (priority gap)
06037226002,Central City,14,6.41,66.9,High pressure / Low development (priority gap)
06037229420,Southeast Los Angeles,9,86.71,66.9,High pressure / Low development (priority gap)
06037208001,Westlake,1,10.61,66.8,High pressure / Low development (priority gap)
06037228720,Southeast Los Angeles,9,83.41,66.8,High pressure / Low development (priority gap)
06037211704,Wilshire,10,36.38,66.8,High pressure / Low development (priority gap)
06037240902,Southeast Los Angeles,8,106.93,66.8,High pressure / Low development (priority gap)
06037224600,Southeast Los Angeles,9,84.03,66.7,High pressure / Low development (priority gap)
06037127712,Van Nuys - North Sherman Oaks,6,111.31,66.7,High pressure / Low development (priority gap)
06037197700,Silver Lake - Echo Park - Elysian Valley,1,128.24,66.6,High pressure / Low development (priority gap)
06037221110,South Los Angeles,1,71.77,66.6,High pressure / Low development (priority gap)
06037231603,South Los Angeles,9,65.79,66.6,High pressure / Low development (priority gap)
06037211410,Wilshire,10,95.46,66.5,High pressure / Low development (priority gap)
06037135116,Canoga Park-West Hills-Winnetka-Woodland Hills,3,23.1,66.5,High pressure / Low development (priority gap)
06037203100,Northeast Los Angeles,14,88.82,66.4,High pressure / Low development (priority gap)
06037134905,Canoga Park-West Hills-Winnetka-Woodland Hills,3,35.05,66.3,High pressure / Low development (priority gap)
06037240500,Southeast Los Angeles,8,113.22,66.3,High pressure / Low development (priority gap)
06037127910,Van Nuys - North Sherman Oaks,6,123.43,66.3,High pressure / Low development (priority gap)
06037192700,Wilshire,13,104.17,66.3,High pressure / Low development (priority gap)
06037265523,Westwood,5,78.16,66.3,High pressure / Low development (priority gap)
06037212900,Wilshire,10,82.13,66.2,High pressure / Low development (priority gap)
06037296901,San Pedro,15,113.24,66.2,High pressure / Low development (priority gap)
06037237102,South Los Angeles,9,94.79,66.2,High pressure / Low development (priority gap)
06037293206,Harbor Gateway,15,85.4,66.2,High pressure / Low development (priority gap)
06037239802,Southeast Los Angeles,9,121.23,66.1,High pressure / Low development (priority gap)
06037228310,Southeast Los Angeles,9,88.99,66.1,High pressure / Low development (priority gap)
06037293205,Harbor Gateway,15,69.24,66.1,High pressure / Low development (priority gap)
06037207102,Central City North,1,14.78,66.1,High pressure / Low development (priority gap)
06037211703,Wilshire,13,28.02,66.0,High pressure / Low development (priority gap)
06037106408,Sylmar,7,15.87,66.0,High pressure / Low development (priority gap)
06037227010,Southeast Los Angeles,9,96.92,66.0,High pressure / Low development (priority gap)
06037124903,North Hollywood - Valley Village,2,114.7,65.9,High pressure / Low development (priority gap)
06037221602,South Los Angeles,1,96.34,65.9,High pressure / Low development (priority gap)
06037211420,Wilshire,10,130.72,65.8,High pressure / Low development (priority gap)
06037294830,Wilmington - Harbor City,15,86.83,65.8,High pressure / Low development (priority gap)
06037143301,North Hollywood - Valley Village,2,58.54,65.8,High pressure / Low development (priority gap)
06037123204,North Hollywood - Valley Village,2,137.77,65.7,High pressure / Low development (priority gap)
06037207306,Central City,14,1.06,65.7,High pressure / Low development (priority gap)
06037207308,Central City,14,1.03,65.6,High pressure / Low development (priority gap)
06037206010,Central City North,1,69.46,65.6,High pressure / Low development (priority gap)
06037239201,Southeast Los Angeles,9,77.73,65.5,High pressure / Low development (priority gap)
06037143606,Sherman Oaks-Studio City-Toluca Lake-Cahuenga Pass,4,15.07,65.5,High pressure / Low development (priority gap)
06037218120,West Adams - Baldwin Hills - Leimert,10,137.82,65.5,High pressure / Low development (priority gap)
06037189201,Hollywood,4,83.92,65.5,High pressure / Low development (priority gap)
06037122410,Sun Valley - La Tuna Canyon,2,92.86,65.5,High pressure / Low development (priority gap)
06037190902,Hollywood,13,123.91,65.5,High pressure / Low development (priority gap)
06037240200,Southeast Los Angeles,8,135.4,65.5,High pressure / Low development (priority gap)
06037231720,South Los Angeles,9,86.9,65.5,High pressure / Low development (priority gap)
06037190802,Hollywood,13,77.41,65.4,High pressure / Low development (priority gap)
06037271801,Palms - Mar Vista - Del Rey,5,96.5,65.4,High pressure / Low development (priority gap)
06037215101,Wilshire,5,19.38,65.4,High pressure / Low development (priority gap)
06037214501,Wilshire,5,39.45,65.3,High pressure / Low development (priority gap)
06037221304,South Los Angeles,10,66.45,65.3,High pressure / Low development (priority gap)
06037139504,Encino - Tarzana,4,59.61,65.2,High pressure / Low development (priority gap)
06037214504,Wilshire,5,13.35,65.2,High pressure / Low development (priority gap)
06037237101,South Los Angeles,9,124.51,65.1,High pressure / Low development (priority gap)
06037214503,Wilshire,5,25.0,65.1,High pressure / Low development (priority gap)
06037120108,Mission Hills - Panorama City - North Hills,6,41.61,65.1,High pressure / Low development (priority gap)
06037297110,San Pedro,15,78.85,65.0,High pressure / Low development (priority gap)
06037221220,South Los Angeles,1,92.98,65.0,High pressure / Low development (priority gap)
06037124902,North Hollywood - Valley Village,2,106.63,65.0,High pressure / Low development (priority gap)
06037291110,Harbor Gateway,15,123.26,65.0,High pressure / Low development (priority gap)
06037294120,Wilmington - Harbor City,15,111.3,65.0,High pressure / Low development (priority gap)
06037239202,Southeast Los Angeles,9,130.47,64.9,High pressure / Low development (priority gap)
06037265521,Westwood,5,32.75,64.9,High pressure / Low development (priority gap)
06037191500,Hollywood,13,138.07,64.7,High pressure / Low development (priority gap)
06037143200,Sherman Oaks-Studio City-Toluca Lake-Cahuenga Pass,2,120.21,64.7,High pressure / Low development (priority gap)
06037216902,Wilshire,10,98.92,64.7,High pressure / Low development (priority gap)
06037189905,Hollywood,4,97.39,64.6,High pressure / Low development (priority gap)
06037120105,Mission Hills - Panorama City - North Hills,6,131.43,64.6,High pressure / Low development (priority gap)
06037127103,Van Nuys - North Sherman Oaks,2,76.16,64.5,High pressure / Low development (priority gap)
06037267504,West Los Angeles,11,50.8,64.5,High pressure / Low development (priority gap)
06037190302,Hollywood,13,34.73,64.5,High pressure / Low development (priority gap)
06037127102,Van Nuys - North Sherman Oaks,2,145.95,64.4,High pressure / Low development (priority gap)
06037134906,Canoga Park-West Hills-Winnetka-Woodland Hills,3,10.15,64.4,High pressure / Low development (priority gap)
06037123206,North Hollywood - Valley Village,2,128.03,64.3,High pressure / Low development (priority gap)
06037211123,Wilshire,10,0.79,64.3,High pressure / Low development (priority gap)
06037242000,Southeast Los Angeles,15,143.8,64.3,High pressure / Low development (priority gap)
06037239602,Southeast Los Angeles,9,116.82,64.2,High pressure / Low development (priority gap)
06037232800,Southeast Los Angeles,9,120.62,64.2,High pressure / Low development (priority gap)
06037128302,Van Nuys - North Sherman Oaks,6,98.14,64.1,High pressure / Low development (priority gap)
06037320201,,7,1.76,64.1,High pressure / Low development (priority gap)
06037294520,Wilmington - Harbor City,15,107.3,64.1,High pressure / Low development (priority gap)
06037216401,Wilshire,5,123.85,64.1,High pressure / Low development (priority gap)
06037113238,Chatsworth - Porter Ranch,3,102.65,63.9,High pressure / Low development (priority gap)
06037242300,Southeast Los Angeles,15,119.22,63.9,High pressure / Low development (priority gap)
06037239320,Southeast Los Angeles,9,96.85,63.9,High pressure / Low development (priority gap)
06037208710,Westlake,1,21.31,63.9,High pressure / Low development (priority gap)
06037115203,Northridge,12,64.7,63.7,High pressure / Low development (priority gap)
06037132301,Reseda - West Van Nuys,4,71.52,63.6,High pressure / Low development (priority gap)
06037241400,Southeast Los Angeles,15,124.37,63.5,High pressure / Low development (priority gap)
06037216202,Wilshire,10,90.07,63.5,High pressure / Low development (priority gap)
06037128102,Van Nuys - North Sherman Oaks,2,147.06,63.4,High pressure / Low development (priority gap)
06037213310,Wilshire,1,143.73,63.4,High pressure / Low development (priority gap)
06037120400,Mission Hills - Panorama City - North Hills,6,136.13,63.3,High pressure / Low development (priority gap)
06037221601,South Los Angeles,8,133.14,63.3,High pressure / Low development (priority gap)
06037199400,Northeast Los Angeles,1,111.54,63.2,High pressure / Low development (priority gap)
06037208610,Westlake,13,136.89,63.2,High pressure / Low development (priority gap)
06037277200,Westchester - Playa del Rey,11,101.26,63.1,High pressure / Low development (priority gap)
06037239310,Southeast Los Angeles,9,105.42,63.0,High pressure / Low development (priority gap)
06037229300,Southeast Los Angeles,9,83.51,63.0,High pressure / Low development (priority gap)
06037214400,Wilshire,5,90.14,62.9,High pressure / Low development (priority gap)
06037267403,West Los Angeles,11,105.06,62.9,High pressure / Low development (priority gap)
06037212610,Wilshire,4,51.56,62.9,High pressure / Low development (priority gap)
06037133102,Reseda - West Van Nuys,3,71.59,62.8,High pressure / Low development (priority gap)
06037224310,Westlake,1,65.68,62.8,High pressure / Low development (priority gap)
06037127803,Van Nuys - North Sherman Oaks,6,105.46,62.8,High pressure / Low development (priority gap)
06037104701,Arleta - Pacoima,7,97.9,62.7,High pressure / Low development (priority gap)
06037189906,Hollywood,13,36.1,62.7,High pressure / Low development (priority gap)
06037207305,Central City,14,11.34,62.7,High pressure / Low development (priority gap)
06037218900,West Adams - Baldwin Hills - Leimert,10,108.85,62.7,High pressure / Low development (priority gap)
06037137202,Canoga Park-West Hills-Winnetka-Woodland Hills,3,86.39,62.7,High pressure / Low development (priority gap)
06037269908,Palms - Mar Vista - Del Rey,5,28.42,62.7,High pressure / Low development (priority gap)
06037131021,Reseda - West Van Nuys,4,68.2,62.6,High pressure / Low development (priority gap)
06037207901,Central City,14,3.17,62.6,High pressure / Low development (priority gap)
06037189501,Hollywood,4,53.26,62.6,High pressure / Low development (priority gap)
06037296210,San Pedro,15,84.52,62.6,High pressure / Low development (priority gap)
06037232601,South Los Angeles,8,104.45,62.5,High pressure / Low development (priority gap)
06037199802,Northeast Los Angeles,14,68.36,62.5,High pressure / Low development (priority gap)
06037226701,Southeast Los Angeles,9,122.15,62.4,High pressure / Low development (priority gap)
06037125310,North Hollywood - Valley Village,2,132.05,62.4,High pressure / Low development (priority gap)
06037104822,Arleta - Pacoima,7,92.17,62.4,High pressure / Low development (priority gap)
06037239330,Southeast Los Angeles,9,96.13,62.2,High pressure / Low development (priority gap)
06037209820,Westlake,1,71.51,62.2,High pressure / Low development (priority gap)
06037127210,Van Nuys - North Sherman Oaks,6,104.46,62.1,High pressure / Low development (priority gap)
06037239702,Southeast Los Angeles,9,127.2,62.1,High pressure / Low development (priority gap)
06037232702,South Los Angeles,9,59.15,62.1,High pressure / Low development (priority gap)
06037199201,Northeast Los Angeles,1,74.13,62.1,High pressure / Low development (priority gap)
06037240301,South Los Angeles,8,68.89,62.0,High pressure / Low development (priority gap)
06037291120,Harbor Gateway,15,146.34,61.9,High pressure / Low development (priority gap)
06037131022,Reseda - West Van Nuys,3,62.16,61.9,High pressure / Low development (priority gap)
06037113427,Chatsworth - Porter Ranch,3,41.75,61.9,High pressure / Low development (priority gap)
06037119341,Mission Hills - Panorama City - North Hills,6,111.37,61.9,High pressure / Low development (priority gap)
06037237600,South Los Angeles,8,112.42,61.8,High pressure / Low development (priority gap)
06037204910,Boyle Heights,14,116.74,61.8,High pressure / Low development (priority gap)
06037139303,Encino - Tarzana,3,56.96,61.8,High pressure / Low development (priority gap)
06037199002,Northeast Los Angeles,1,50.96,61.8,High pressure / Low development (priority gap)
06037203500,Boyle Heights,14,119.24,61.7,High pressure / Low development (priority gap)
06037139401,Encino - Tarzana,3,129.68,61.7,High pressure / Low development (priority gap)
06037216201,Wilshire,5,79.16,61.7,High pressure / Low development (priority gap)
06037125402,North Hollywood - Valley Village,2,145.45,61.7,High pressure / Low development (priority gap)
06037204810,Boyle Heights,14,76.21,61.6,High pressure / Low development (priority gap)
06037269903,Palms - Mar Vista - Del Rey,5,83.02,61.6,High pressure / Low development (priority gap)
06037115104,Northridge,12,109.9,61.2,High pressure / Low development (priority gap)
06037143605,Sherman Oaks-Studio City-Toluca Lake-Cahuenga Pass,2,17.06,61.1,High pressure / Low development (priority gap)
06037267404,West Los Angeles,11,61.12,61.1,High pressure / Low development (priority gap)
06037228420,Southeast Los Angeles,9,101.74,61.0,High pressure / Low development (priority gap)
06037221210,South Los Angeles,10,100.83,61.0,High pressure / Low development (priority gap)
06037242202,Southeast Los Angeles,15,63.06,60.9,High pressure / Low development (priority gap)
06037239801,Southeast Los Angeles,9,129.41,60.9,High pressure / Low development (priority gap)
06037207712,Central City,14,2.14,60.9,High pressure / Low development (priority gap)
06037134907,Canoga Park-West Hills-Winnetka-Woodland Hills,3,15.1,60.9,High pressure / Low development (priority gap)
06037203200,Boyle Heights,14,100.83,60.9,High pressure / Low development (priority gap)
06037232401,South Los Angeles,8,100.44,60.8,High pressure / Low development (priority gap)
06037141303,Sherman Oaks-Studio City-Toluca Lake-Cahuenga Pass,4,63.26,60.8,High pressure / Low development (priority gap)
06037183810,Northeast Los Angeles,1,113.08,60.8,High pressure / Low development (priority gap)
06037127605,Van Nuys - North Sherman Oaks,6,135.44,60.7,High pressure / Low development (priority gap)
06037229100,Southeast Los Angeles,9,107.8,60.7,High pressure / Low development (priority gap)
06037111402,Granada Hills - Knollwood,12,85.78,60.5,High pressure / Low development (priority gap)
06037104703,Arleta - Pacoima,7,44.14,60.5,High pressure / Low development (priority gap)
06037191204,Hollywood,13,139.02,60.3,High pressure / Low development (priority gap)
06037272302,Palms - Mar Vista - Del Rey,11,131.38,60.3,High pressure / Low development (priority gap)
06037213202,Wilshire,10,125.0,60.2,High pressure / Low development (priority gap)
06037276607,Westchester - Playa del Rey,11,55.2,60.2,High pressure / Low development (priority gap)
06037189907,Hollywood,13,27.8,60.1,High pressure / Low development (priority gap)
06037104105,Arleta - Pacoima,7,52.53,59.9,High pressure / Low development (priority gap)
06037240600,Southeast Los Angeles,8,140.75,59.8,High pressure / Low development (priority gap)
06037135115,Canoga Park-West Hills-Winnetka-Woodland Hills,3,28.01,59.8,High pressure / Low development (priority gap)
06037204300,Boyle Heights,14,116.98,59.7,High pressure / Low development (priority gap)
06037228100,Southeast Los Angeles,9,130.4,59.7,High pressure / Low development (priority gap)
06037269905,Palms - Mar Vista - Del Rey,5,65.23,59.6,High pressure / Low development (priority gap)
06037191301,Hollywood,13,136.02,59.5,High pressure / Low development (priority gap)
06037232701,South Los Angeles,9,104.42,59.5,High pressure / Low development (priority gap)
06037203710,Boyle Heights,14,111.5,59.5,High pressure / Low development (priority gap)
06037273404,Venice,11,46.38,59.5,High pressure / Low development (priority gap)
06037232602,South Los Angeles,9,89.04,59.4,High pressure / Low development (priority gap)
06037128703,Van Nuys - North Sherman Oaks,4,49.7,59.4,High pressure / Low development (priority gap)
06037189801,Hollywood,13,72.4,59.4,High pressure / Low development (priority gap)
06037125101,North Hollywood - Valley Village,2,43.19,59.3,High pressure / Low development (priority gap)
06037294510,Wilmington - Harbor City,15,87.32,59.3,High pressure / Low development (priority gap)
06037228800,Southeast Los Angeles,9,73.23,59.2,High pressure / Low development (priority gap)
06037206052,Central City North,14,6.73,59.1,High pressure / Low development (priority gap)
06037215102,Wilshire,5,31.36,59.1,High pressure / Low development (priority gap)
06037216302,Wilshire,5,99.24,59.0,High pressure / Low development (priority gap)
06037297201,San Pedro,15,143.64,59.0,High pressure / Low development (priority gap)
06037276101,Westchester - Playa del Rey,11,16.1,59.0,High pressure / Low development (priority gap)
06037103201,Sunland-E LaTuna Cyn-Lakevw Ter-Shadow Hls-Tujunga,7,118.37,59.0,High pressure / Low development (priority gap)
06037271803,Palms - Mar Vista - Del Rey,5,38.81,59.0,High pressure / Low development (priority gap)
06037203720,Boyle Heights,14,117.37,58.9,High pressure / Low development (priority gap)
06037239501,Southeast Los Angeles,9,105.0,58.8,High pressure / Low development (priority gap)
06037119342,Mission Hills - Panorama City - North Hills,6,67.24,58.6,High pressure / Low development (priority gap)
06037135113,Canoga Park-West Hills-Winnetka-Woodland Hills,3,5.83,58.5,High pressure / Low development (priority gap)
06037216402,Wilshire,5,137.17,58.5,High pressure / Low development (priority gap)
06037128801,Van Nuys - North Sherman Oaks,4,93.86,58.4,High pressure / Low development (priority gap)
06037227020,Southeast Los Angeles,9,112.78,58.4,High pressure / Low development (priority gap)
06037267406,West Los Angeles,11,47.24,58.3,High pressure / Low development (priority gap)
06037199801,Northeast Los Angeles,14,79.83,58.2,High pressure / Low development (priority gap)
06037228710,Southeast Los Angeles,9,81.67,58.2,High pressure / Low development (priority gap)
06037271702,Palms - Mar Vista - Del Rey,5,124.35,58.2,High pressure / Low development (priority gap)
06037267503,West Los Angeles,11,46.66,58.1,High pressure / Low development (priority gap)
06037189703,Hollywood,4,113.99,58.0,High pressure / Low development (priority gap)
06037207902,Central City,14,7.98,57.9,High pressure / Low development (priority gap)
06037297120,San Pedro,15,110.62,57.9,High pressure / Low development (priority gap)
06037208302,Westlake,13,82.16,57.9,High pressure / Low development (priority gap)
06037271804,Palms - Mar Vista - Del Rey,5,110.29,57.8,High pressure / Low development (priority gap)
06037276102,Westchester - Playa del Rey,11,79.35,57.8,High pressure / Low development (priority gap)
06037134104,Canoga Park-West Hills-Winnetka-Woodland Hills,3,143.06,57.8,High pressure / Low development (priority gap)
06037294610,Wilmington - Harbor City,15,97.18,57.8,High pressure / Low development (priority gap)
06037221820,South Los Angeles,9,147.33,78.0,High pressure / High development
06037241120,Southeast Los Angeles,8,151.61,76.3,High pressure / High development
06037123203,North Hollywood - Valley Village,2,147.64,75.8,High pressure / High development
06037123410,North Hollywood - Valley Village,2,160.38,75.7,High pressure / High development
06037221900,South Los Angeles,9,165.7,75.6,High pressure / High development
06037221302,South Los Angeles,10,177.35,72.9,High pressure / High development
06037237500,South Los Angeles,8,150.25,72.8,High pressure / High development
06037231210,South Los Angeles,8,190.95,71.8,High pressure / High development
06037195710,Silver Lake - Echo Park - Elysian Valley,13,155.3,70.0,High pressure / High development
06037242100,Southeast Los Angeles,15,238.79,70.0,High pressure / High development
06037127603,Van Nuys - North Sherman Oaks,6,200.0,69.9,High pressure / High development
06037222600,South Los Angeles,8,283.25,69.6,High pressure / High development
06037234502,West Adams - Baldwin Hills - Leimert,8,233.71,69.3,High pressure / High development
06037125501,North Hollywood - Valley Village,2,241.42,69.3,High pressure / High development
06037117201,Mission Hills - Panorama City - North Hills,7,159.11,69.2,High pressure / High development
06037221710,South Los Angeles,8,150.62,69.0,High pressure / High development
06037237710,South Los Angeles,8,159.39,68.9,High pressure / High development
06037123205,North Hollywood - Valley Village,2,224.41,68.7,High pressure / High development
06037124204,North Hollywood - Valley Village,2,215.36,68.4,High pressure / High development
06037213100,Wilshire,10,171.74,68.4,High pressure / High development
06037218110,West Adams - Baldwin Hills - Leimert,10,169.88,68.3,High pressure / High development
06037235202,West Adams - Baldwin Hills - Leimert,8,201.29,68.0,High pressure / High development
06037241002,Southeast Los Angeles,15,195.1,68.0,High pressure / High development
06037127805,Van Nuys - North Sherman Oaks,6,190.72,68.0,High pressure / High development
06037240020,Southeast Los Angeles,9,190.33,68.0,High pressure / High development
06037220000,West Adams - Baldwin Hills - Leimert,10,319.79,67.8,High pressure / High development
06037218800,West Adams - Baldwin Hills - Leimert,10,157.89,67.6,High pressure / High development
06037115202,Northridge,12,244.87,67.6,High pressure / High development
06037123510,Van Nuys - North Sherman Oaks,2,165.29,67.5,High pressure / High development
06037127104,Van Nuys - North Sherman Oaks,2,217.39,67.4,High pressure / High development
06037128220,Van Nuys - North Sherman Oaks,2,169.0,67.4,High pressure / High development
06037121801,Sun Valley - La Tuna Canyon,6,182.87,67.3,High pressure / High development
06037234002,West Adams - Baldwin Hills - Leimert,10,197.04,67.1,High pressure / High development
06037191410,Hollywood,13,149.16,66.9,High pressure / High development
06037222200,South Los Angeles,8,162.87,66.7,High pressure / High development
06037123010,Sun Valley - La Tuna Canyon,2,198.25,66.6,High pressure / High development
06037980015,Wilmington - Harbor City,15,1233.39,65.9,High pressure / High development
06037123520,Van Nuys - North Sherman Oaks,2,265.16,65.6,High pressure / High development
06037238100,South Los Angeles,8,245.6,65.3,High pressure / High development
06037218210,West Adams - Baldwin Hills - Leimert,10,176.2,65.3,High pressure / High development
06037269601,West Adams - Baldwin Hills - Leimert,10,172.79,64.9,High pressure / High development
06037240700,Southeast Los Angeles,8,169.07,64.7,High pressure / High development
06037241202,South Los Angeles,8,165.09,64.5,High pressure / High development
06037115401,Northridge,12,193.14,64.4,High pressure / High development
06037124105,North Hollywood - Valley Village,2,198.2,64.4,High pressure / High development
06037208501,Westlake,13,164.67,63.8,High pressure / High development
06037124300,North Hollywood - Valley Village,2,294.36,63.8,High pressure / High development
06037192300,Wilshire,4,172.07,63.7,High pressure / High development
06037124203,North Hollywood - Valley Village,2,325.33,63.7,High pressure / High development
06037186401,Northeast Los Angeles,13,320.65,63.5,High pressure / High development
06037128601,Van Nuys - North Sherman Oaks,4,185.65,63.3,High pressure / High development
06037124102,North Hollywood - Valley Village,2,207.5,63.3,High pressure / High development
06037115403,Northridge,12,205.24,63.2,High pressure / High development
06037237800,South Los Angeles,8,292.45,62.9,High pressure / High development
06037123901,North Hollywood - Valley Village,2,306.17,62.9,High pressure / High development
06037218300,West Adams - Baldwin Hills - Leimert,10,249.01,62.8,High pressure / High development
06037127400,Van Nuys - North Sherman Oaks,6,150.96,62.7,High pressure / High development
06037186301,Northeast Los Angeles,13,325.56,62.5,High pressure / High development
06037127606,Van Nuys - North Sherman Oaks,6,172.65,62.4,High pressure / High development
06037201401,Northeast Los Angeles,14,213.16,62.3,High pressure / High development
06037141101,Sherman Oaks-Studio City-Toluca Lake-Cahuenga Pass,4,151.63,62.1,High pressure / High development
06037188100,Northeast Los Angeles,13,202.76,62.0,High pressure / High development
06037208402,Westlake,13,169.96,61.9,High pressure / High development
06037123104,North Hollywood - Valley Village,2,190.0,61.8,High pressure / High development
06037127920,Van Nuys - North Sherman Oaks,2,175.21,61.7,High pressure / High development
06037123420,North Hollywood - Valley Village,2,151.22,61.6,High pressure / High development
06037185320,Northeast Los Angeles,1,176.59,61.6,High pressure / High development
06037240800,Southeast Los Angeles,8,165.3,61.6,High pressure / High development
06037195901,Silver Lake - Echo Park - Elysian Valley,13,272.1,61.5,High pressure / High development
06037122121,Sun Valley - La Tuna Canyon,2,149.44,61.5,High pressure / High development
06037124103,North Hollywood - Valley Village,2,288.59,61.5,High pressure / High development
06037218220,West Adams - Baldwin Hills - Leimert,10,243.24,61.1,High pressure / High development
06037222002,South Los Angeles,8,178.04,61.1,High pressure / High development
06037128602,Van Nuys - North Sherman Oaks,2,431.11,61.0,High pressure / High development
06037197500,Silver Lake - Echo Park - Elysian Valley,1,169.65,60.9,High pressure / High development
06037121900,Sun Valley - La Tuna Canyon,6,213.13,60.8,High pressure / High development
06037128101,Van Nuys - North Sherman Oaks,2,273.86,60.8,High pressure / High development
06037265204,Westwood,5,157.49,60.8,High pressure / High development
06037195720,Silver Lake - Echo Park - Elysian Valley,13,218.97,60.7,High pressure / High development
06037296500,San Pedro,15,148.59,60.7,High pressure / High development
06037238200,South Los Angeles,8,220.94,60.7,High pressure / High development
06037134002,Canoga Park-West Hills-Winnetka-Woodland Hills,3,205.42,60.7,High pressure / High development
06037231400,South Los Angeles,8,181.3,60.6,High pressure / High development
06037235201,West Adams - Baldwin Hills - Leimert,8,422.34,60.5,High pressure / High development
06037127804,Van Nuys - North Sherman Oaks,6,151.34,60.5,High pressure / High development
06037219300,West Adams - Baldwin Hills - Leimert,10,197.36,60.5,High pressure / High development
06037211500,Wilshire,13,249.5,60.5,High pressure / High development
06037197600,Silver Lake - Echo Park - Elysian Valley,1,172.16,60.5,High pressure / High development
06037183610,Northeast Los Angeles,1,148.94,60.4,High pressure / High development
06037131023,Reseda - West Van Nuys,3,147.17,60.3,High pressure / High development
06037104404,Arleta - Pacoima,7,163.54,60.3,High pressure / High development
06037132102,Reseda - West Van Nuys,6,194.53,60.2,High pressure / High development
06037191420,Hollywood,13,208.26,60.1,High pressure / High development
06037265100,Westwood,5,407.34,60.0,High pressure / High development
06037232500,South Los Angeles,8,207.24,59.8,High pressure / High development
06037102103,Sun Valley - La Tuna Canyon,2,332.52,59.8,High pressure / High development
06037269100,West Los Angeles,5,240.98,59.7,High pressure / High development
06037270200,West Adams - Baldwin Hills - Leimert,10,283.85,59.6,High pressure / High development
06037218500,West Adams - Baldwin Hills - Leimert,10,253.59,59.6,High pressure / High development
06037122420,Sun Valley - La Tuna Canyon,2,181.0,59.6,High pressure / High development
06037218701,West Adams - Baldwin Hills - Leimert,10,284.28,59.6,High pressure / High development
06037188201,Hollywood,4,215.79,59.5,High pressure / High development
06037131702,Reseda - West Van Nuys,3,194.44,59.5,High pressure / High development
06037234600,West Adams - Baldwin Hills - Leimert,8,363.49,59.5,High pressure / High development
06037123602,Van Nuys - North Sherman Oaks,2,337.94,59.3,High pressure / High development
06037127806,Van Nuys - North Sherman Oaks,6,151.43,59.2,High pressure / High development
06037217200,Wilshire,10,205.85,59.2,High pressure / High development
06037186404,Northeast Los Angeles,1,222.09,59.1,High pressure / High development
06037267502,West Los Angeles,11,178.77,58.8,High pressure / High development
06037275500,Palms - Mar Vista - Del Rey,11,164.86,58.8,High pressure / High development
06037273300,Venice,11,163.41,58.8,High pressure / High development
06037269602,West Adams - Baldwin Hills - Leimert,10,202.83,58.7,High pressure / High development
06037115302,Northridge,12,192.56,58.7,High pressure / High development
06037240402,South Los Angeles,8,153.64,58.6,High pressure / High development
06037241300,South Los Angeles,15,176.31,58.6,High pressure / High development
06037120300,Mission Hills - Panorama City - North Hills,6,267.61,58.6,High pressure / High development
06037187102,Northeast Los Angeles,13,200.12,58.6,High pressure / High development
06037274100,Venice,11,175.19,58.4,High pressure / High development
06037222100,South Los Angeles,8,160.33,58.3,High pressure / High development
06037214800,Wilshire,5,197.87,58.3,High pressure / High development
06037273800,Venice,11,213.13,58.2,High pressure / High development
06037212701,Wilshire,5,192.05,58.1,High pressure / High development
06037195903,Silver Lake - Echo Park - Elysian Valley,13,286.16,58.0,High pressure / High development
06037137501,Canoga Park-West Hills-Winnetka-Woodland Hills,3,207.67,58.0,High pressure / High development
06037222500,South Los Angeles,8,292.86,57.9,High pressure / High development
06037238000,South Los Angeles,8,300.86,57.9,High pressure / High development
06037267600,West Los Angeles,11,312.41,57.8,High pressure / High development
06037104823,Arleta - Pacoima,7,105.63,57.7,Lower pressure / Low development
06037195802,Silver Lake - Echo Park - Elysian Valley,13,195.73,57.6,Lower pressure / High development
06037297601,San Pedro,15,72.26,57.6,Lower pressure / Low development
06037293304,Wilmington - Harbor City,15,132.28,57.6,Lower pressure / Low development
06037269907,Palms - Mar Vista - Del Rey,5,84.77,57.5,Lower pressure / Low development
06037119320,Mission Hills - Panorama City - North Hills,6,125.38,57.5,Lower pressure / Low development
06037241201,South Los Angeles,8,217.99,57.4,Lower pressure / High development
06037265522,Westwood,5,39.25,57.4,Lower pressure / Low development
06037106114,Sylmar,7,102.22,57.4,Lower pressure / Low development
06037189101,Hollywood,4,160.47,57.3,Lower pressure / High development
06037240302,South Los Angeles,8,99.74,57.3,Lower pressure / Low development
06037124000,North Hollywood - Valley Village,2,276.33,57.3,Lower pressure / High development
06037123303,North Hollywood - Valley Village,2,284.62,57.2,Lower pressure / High development
06037194101,Hollywood,4,196.17,57.2,Lower pressure / High development
06037293307,Wilmington - Harbor City,15,77.09,57.2,Lower pressure / Low development
06037239601,Southeast Los Angeles,9,107.47,57.2,Lower pressure / Low development
06037120010,Mission Hills - Panorama City - North Hills,6,271.77,57.2,Lower pressure / High development
06037183820,Northeast Los Angeles,1,140.8,57.1,Lower pressure / Low development
06037127300,Van Nuys - North Sherman Oaks,6,169.76,57.1,Lower pressure / High development
06037125502,North Hollywood - Valley Village,2,174.08,57.0,Lower pressure / High development
06037197420,Silver Lake - Echo Park - Elysian Valley,13,195.18,57.0,Lower pressure / High development
06037237201,South Los Angeles,9,160.71,57.0,Lower pressure / High development
06037272202,Palms - Mar Vista - Del Rey,11,184.02,56.9,Lower pressure / High development
06037194401,Hollywood,5,193.07,56.9,Lower pressure / High development
06037124500,Van Nuys - North Sherman Oaks,4,310.4,56.9,Lower pressure / High development
06037121222,Sun Valley - La Tuna Canyon,6,206.63,56.8,Lower pressure / High development
06037195803,Silver Lake - Echo Park - Elysian Valley,13,350.7,56.8,Lower pressure / High development
06037104203,Arleta - Pacoima,7,132.3,56.7,Lower pressure / Low development
06037139302,Encino - Tarzana,3,38.76,56.7,Lower pressure / Low development
06037204920,Boyle Heights,14,106.99,56.7,Lower pressure / Low development
06037231302,South Los Angeles,8,90.81,56.7,Lower pressure / Low development
06037217102,Wilshire,10,159.91,56.6,Lower pressure / High development
06037204110,Boyle Heights,14,121.9,56.6,Lower pressure / Low development
06037106604,Sylmar,7,193.6,56.6,Lower pressure / High development
06037141102,Sherman Oaks-Studio City-Toluca Lake-Cahuenga Pass,4,215.66,56.5,Lower pressure / High development
06037267405,West Los Angeles,11,48.73,56.5,Lower pressure / Low development
06037132101,Reseda - West Van Nuys,6,238.04,56.5,Lower pressure / High development
06037195600,Silver Lake - Echo Park - Elysian Valley,13,298.0,56.5,Lower pressure / High development
06037134802,Canoga Park-West Hills-Winnetka-Woodland Hills,3,225.38,56.5,Lower pressure / High development
06037264304,Brentwood - Pacific Palisades,11,57.09,56.4,Lower pressure / Low development
06037143603,Sherman Oaks-Studio City-Toluca Lake-Cahuenga Pass,2,163.0,56.4,Lower pressure / High development
06037273403,Venice,11,72.18,56.3,Lower pressure / Low development
06037106648,Sylmar,7,93.33,56.3,Lower pressure / Low development
06037192001,Hollywood,5,217.48,56.2,Lower pressure / High development
06037272201,Palms - Mar Vista - Del Rey,11,235.6,56.2,Lower pressure / High development
06037183520,Northeast Los Angeles,1,216.55,56.1,Lower pressure / High development
06037271200,Palms - Mar Vista - Del Rey,11,145.45,56.1,Lower pressure / Low development
06037131701,Reseda - West Van Nuys,3,101.77,56.1,Lower pressure / Low development
06037242700,Southeast Los Angeles,15,140.72,56.1,Lower pressure / Low development
06037134103,Canoga Park-West Hills-Winnetka-Woodland Hills,3,274.55,56.1,Lower pressure / High development
06037270102,Palms - Mar Vista - Del Rey,5,31.32,56.0,Lower pressure / Low development
06037218702,West Adams - Baldwin Hills - Leimert,10,191.6,55.9,Lower pressure / High development
06037121102,Sun Valley - La Tuna Canyon,6,322.93,55.9,Lower pressure / High development
06037185310,Northeast Los Angeles,1,194.72,55.9,Lower pressure / High development
06037269909,Palms - Mar Vista - Del Rey,5,25.91,55.8,Lower pressure / Low development
06037122200,Sun Valley - La Tuna Canyon,2,273.4,55.8,Lower pressure / High development
06037217101,Wilshire,10,122.96,55.8,Lower pressure / Low development
06037269906,Palms - Mar Vista - Del Rey,5,65.2,55.6,Lower pressure / Low development
06037183701,Northeast Los Angeles,1,150.0,55.6,Lower pressure / High development
06037242201,Southeast Los Angeles,15,67.19,55.6,Lower pressure / Low development
06037211701,Wilshire,13,170.26,55.6,Lower pressure / High development
06037125200,North Hollywood - Valley Village,2,186.82,55.5,Lower pressure / High development
06037237900,South Los Angeles,8,331.42,55.5,Lower pressure / High development
06037237401,South Los Angeles,8,147.45,55.4,Lower pressure / High development
06037273502,Venice,11,143.2,55.4,Lower pressure / Low development
06037214904,Wilshire,5,95.98,55.4,Lower pressure / Low development
06037185203,Northeast Los Angeles,1,231.44,55.4,Lower pressure / High development
06037123301,North Hollywood - Valley Village,2,107.37,55.4,Lower pressure / Low development
06037115204,Northridge,12,81.07,55.3,Lower pressure / Low development
06037195300,Hollywood,4,221.57,55.2,Lower pressure / High development
06037134304,Canoga Park-West Hills-Winnetka-Woodland Hills,3,315.34,55.2,Lower pressure / High development
06037121020,Sun Valley - La Tuna Canyon,2,260.53,55.2,Lower pressure / High development
06037143102,Sherman Oaks-Studio City-Toluca Lake-Cahuenga Pass,2,46.05,55.2,Lower pressure / Low development
06037214600,Wilshire,5,230.61,55.2,Lower pressure / High development
06037219901,West Adams - Baldwin Hills - Leimert,10,177.16,55.2,Lower pressure / High development
06037293203,Harbor Gateway,15,85.76,55.1,Lower pressure / Low development
06037291220,Harbor Gateway,15,162.71,55.1,Lower pressure / High development
06037121101,Sun Valley - La Tuna Canyon,6,121.71,55.1,Lower pressure / Low development
06037141306,Sherman Oaks-Studio City-Toluca Lake-Cahuenga Pass,4,78.54,55.1,Lower pressure / Low development
06037123800,North Hollywood - Valley Village,2,264.56,55.0,Lower pressure / High development
06037141201,Sherman Oaks-Studio City-Toluca Lake-Cahuenga Pass,4,130.88,55.0,Lower pressure / Low development
06037123902,North Hollywood - Valley Village,2,269.6,54.9,Lower pressure / High development
06037203800,Boyle Heights,14,112.75,54.9,Lower pressure / Low development
06037265524,Westwood,5,90.14,54.9,Lower pressure / Low development
06037219020,West Adams - Baldwin Hills - Leimert,10,252.41,54.8,Lower pressure / High development
06037119310,Mission Hills - Panorama City - North Hills,6,224.86,54.8,Lower pressure / High development
06037217002,Wilshire,5,244.0,54.7,Lower pressure / High development
06037218400,West Adams - Baldwin Hills - Leimert,10,346.66,54.7,Lower pressure / High development
06037238400,South Los Angeles,8,284.0,54.7,Lower pressure / High development
06037107020,Sylmar,7,208.07,54.7,Lower pressure / High development
06037104108,Arleta - Pacoima,7,102.82,54.6,Lower pressure / Low development
06037270101,Palms - Mar Vista - Del Rey,5,40.22,54.5,Lower pressure / Low development
06037231601,South Los Angeles,8,77.99,54.5,Lower pressure / Low development
06037239502,Southeast Los Angeles,9,132.96,54.5,Lower pressure / Low development
06037278001,Westchester - Playa del Rey,11,210.93,54.4,Lower pressure / High development
06037139506,Encino - Tarzana,4,25.95,54.4,Lower pressure / Low development
06037219800,West Adams - Baldwin Hills - Leimert,10,231.91,54.2,Lower pressure / High development
06037191902,Hollywood,5,314.2,54.2,Lower pressure / High development
06037214902,Wilshire,5,68.97,54.1,Lower pressure / Low development
06037128802,Van Nuys - North Sherman Oaks,4,222.03,54.0,Lower pressure / High development
06037241110,Southeast Los Angeles,8,115.38,53.9,Lower pressure / Low development
06037141400,Encino - Tarzana,4,325.44,53.8,Lower pressure / High development
06037267300,West Los Angeles,11,62.2,53.7,Lower pressure / Low development
06037113212,Chatsworth - Porter Ranch,12,187.0,53.7,Lower pressure / High development
06037134904,Canoga Park-West Hills-Winnetka-Woodland Hills,3,276.83,53.7,Lower pressure / High development
06037189903,Hollywood,4,46.38,53.6,Lower pressure / Low development
06037294410,Wilmington - Harbor City,15,27.41,53.6,Lower pressure / Low development
06037183402,Northeast Los Angeles,14,267.19,53.6,Lower pressure / High development
06037113324,Chatsworth - Porter Ranch,12,8.6,53.5,Lower pressure / Low development
06037122120,Sun Valley - La Tuna Canyon,6,232.67,53.5,Lower pressure / High development
06037297202,San Pedro,15,161.2,53.5,Lower pressure / High development
06037226702,Southeast Los Angeles,9,50.96,53.4,Lower pressure / Low development
06037197300,Silver Lake - Echo Park - Elysian Valley,13,235.54,53.4,Lower pressure / High development
06037243001,Southeast Los Angeles,15,92.62,53.3,Lower pressure / Low development
06037132900,Reseda - West Van Nuys,3,359.05,53.2,Lower pressure / High development
06037127711,Van Nuys - North Sherman Oaks,6,313.92,53.2,Lower pressure / High development
06037189702,Hollywood,4,194.46,53.2,Lower pressure / High development
06037220100,West Adams - Baldwin Hills - Leimert,10,275.17,53.1,Lower pressure / High development
06037204120,Boyle Heights,14,104.68,53.1,Lower pressure / Low development
06037183103,Northeast Los Angeles,14,158.8,53.1,Lower pressure / High development
06037203602,Boyle Heights,14,78.81,53.0,Lower pressure / Low development
06037134001,Canoga Park-West Hills-Winnetka-Woodland Hills,3,170.1,53.0,Lower pressure / High development
06037219902,West Adams - Baldwin Hills - Leimert,10,186.03,53.0,Lower pressure / High development
06037115404,Northridge,12,271.8,53.0,Lower pressure / High development
06037111302,Northridge,12,262.33,53.0,Lower pressure / High development
06037109100,Mission Hills - Panorama City - North Hills,7,242.49,52.9,Lower pressure / High development
06037271902,Palms - Mar Vista - Del Rey,11,259.03,52.9,Lower pressure / High development
06037265601,Westwood,5,215.96,52.9,Lower pressure / High development
06037294421,Wilmington - Harbor City,15,77.31,52.9,Lower pressure / Low development
06037212800,Wilshire,10,216.04,52.8,Lower pressure / High development
06037201700,Northeast Los Angeles,14,153.65,52.7,Lower pressure / High development
06037206020,Central City North,14,16.06,52.7,Lower pressure / Low development
06037294620,Wilmington - Harbor City,15,142.6,52.7,Lower pressure / Low development
06037113426,Chatsworth - Porter Ranch,3,161.9,52.5,Lower pressure / High development
06037275605,Palms - Mar Vista - Del Rey,11,10.84,52.5,Lower pressure / Low development
06037137103,Canoga Park-West Hills-Winnetka-Woodland Hills,3,71.15,52.5,Lower pressure / Low development
06037141305,Sherman Oaks-Studio City-Toluca Lake-Cahuenga Pass,4,118.89,52.5,Lower pressure / Low development
06037212702,Wilshire,5,233.38,52.4,Lower pressure / High development
06037294110,Wilmington - Harbor City,15,163.36,52.3,Lower pressure / High development
06037141304,Sherman Oaks-Studio City-Toluca Lake-Cahuenga Pass,4,189.57,52.3,Lower pressure / High development
06037104500,Arleta - Pacoima,7,248.83,52.3,Lower pressure / High development
06037123700,North Hollywood - Valley Village,2,275.47,52.3,Lower pressure / High development
06037275200,Palms - Mar Vista - Del Rey,11,146.2,52.3,Lower pressure / Low development
06037207711,Central City,14,4.67,52.1,Lower pressure / Low development
06037267101,West Los Angeles,5,144.85,52.1,Lower pressure / Low development
06037124400,North Hollywood - Valley Village,2,243.92,52.1,Lower pressure / High development
06037132501,Reseda - West Van Nuys,3,222.95,52.1,Lower pressure / High development
06037113234,Chatsworth - Porter Ranch,3,71.97,52.1,Lower pressure / Low development
06037231901,Southeast Los Angeles,9,72.5,52.0,Lower pressure / Low development
06037265203,Westwood,5,87.22,51.9,Lower pressure / Low development
06037131400,Reseda - West Van Nuys,4,206.68,51.8,Lower pressure / High development
06037203900,Boyle Heights,14,132.96,51.8,Lower pressure / Low development
06037234501,West Adams - Baldwin Hills - Leimert,8,330.95,51.8,Lower pressure / High development
06037117102,Mission Hills - Panorama City - North Hills,7,234.61,51.8,Lower pressure / High development
06037124600,Van Nuys - North Sherman Oaks,4,433.67,51.7,Lower pressure / High development
06037109800,Granada Hills - Knollwood,12,364.17,51.7,Lower pressure / High development
06037194402,Hollywood,5,156.21,51.6,Lower pressure / High development
06037194500,Wilshire,5,333.04,51.5,Lower pressure / High development
06037267201,West Los Angeles,5,99.59,51.5,Lower pressure / Low development
06037232402,South Los Angeles,8,115.27,51.5,Lower pressure / Low development
06037218600,West Adams - Baldwin Hills - Leimert,10,253.99,51.4,Lower pressure / High development
06037132002,Reseda - West Van Nuys,6,489.27,51.4,Lower pressure / High development
06037186201,Northeast Los Angeles,1,182.42,51.4,Lower pressure / High development
06037104821,Arleta - Pacoima,7,120.62,51.3,Lower pressure / Low development
06037101220,Sunland-E LaTuna Cyn-Lakevw Ter-Shadow Hls-Tujunga,7,184.78,51.3,Lower pressure / High development
06037267700,West Los Angeles,11,126.12,51.2,Lower pressure / Low development
06037241001,Southeast Los Angeles,15,162.09,51.1,Lower pressure / High development
06037123601,Van Nuys - North Sherman Oaks,2,188.33,51.0,Lower pressure / High development
06037128500,Van Nuys - North Sherman Oaks,4,198.77,50.9,Lower pressure / High development
06037185101,Northeast Los Angeles,1,188.04,50.9,Lower pressure / High development
06037234800,West Adams - Baldwin Hills - Leimert,8,309.44,50.9,Lower pressure / High development
06037271600,Palms - Mar Vista - Del Rey,11,180.89,50.8,Lower pressure / High development
06037204820,Boyle Heights,14,180.68,50.8,Lower pressure / High development
06037132502,Reseda - West Van Nuys,3,125.46,50.8,Lower pressure / Low development
06037275102,Palms - Mar Vista - Del Rey,11,231.38,50.8,Lower pressure / High development
06037187101,Northeast Los Angeles,13,356.36,50.7,Lower pressure / High development
06037222001,South Los Angeles,10,225.39,50.7,Lower pressure / High development
06037269800,West Los Angeles,5,178.14,50.7,Lower pressure / High development
06037124700,Van Nuys - North Sherman Oaks,4,209.69,50.6,Lower pressure / High development
06037195804,Silver Lake - Echo Park - Elysian Valley,13,304.21,50.6,Lower pressure / High development
06037265702,Westwood,5,137.82,50.6,Lower pressure / Low development
06037231602,South Los Angeles,9,126.89,50.4,Lower pressure / Low development
06037187200,Silver Lake - Echo Park - Elysian Valley,13,521.0,50.2,Lower pressure / High development
06037189102,Hollywood,4,124.27,50.2,Lower pressure / Low development
06037101110,Sunland-E LaTuna Cyn-Lakevw Ter-Shadow Hls-Tujunga,7,313.28,50.2,Lower pressure / High development
06037237402,South Los Angeles,8,179.19,50.2,Lower pressure / High development
06037232200,South Los Angeles,9,211.58,50.1,Lower pressure / High development
06037240901,Southeast Los Angeles,15,61.77,50.1,Lower pressure / Low development
06037186202,Northeast Los Angeles,1,265.61,50.0,Lower pressure / High development
06037234700,West Adams - Baldwin Hills - Leimert,8,234.85,50.0,Lower pressure / High development
06037276606,Westchester - Playa del Rey,11,36.09,50.0,Lower pressure / Low development
06037104401,Arleta - Pacoima,7,241.18,49.9,Lower pressure / High development
06037291210,Harbor Gateway,15,133.49,49.9,Lower pressure / Low development
06037104321,Arleta - Pacoima,7,123.04,49.8,Lower pressure / Low development
06037123103,North Hollywood - Valley Village,2,158.08,49.8,Lower pressure / High development
06037119003,Arleta - Pacoima,6,148.54,49.8,Lower pressure / High development
06037122000,Sun Valley - La Tuna Canyon,2,347.42,49.8,Lower pressure / High development
06037294200,Wilmington - Harbor City,15,153.95,49.8,Lower pressure / High development
06037113301,Chatsworth - Porter Ranch,12,135.34,49.7,Lower pressure / Low development
06037183101,Northeast Los Angeles,14,419.33,49.7,Lower pressure / High development
06037273600,Venice,11,319.97,49.7,Lower pressure / High development
06037115301,Northridge,12,174.01,49.7,Lower pressure / High development
06037109603,Mission Hills - Panorama City - North Hills,7,329.65,49.6,Lower pressure / High development
06037125600,North Hollywood - Valley Village,2,323.17,49.5,Lower pressure / High development
06037234200,West Adams - Baldwin Hills - Leimert,10,446.59,49.5,Lower pressure / High development
06037265201,Westwood,5,241.82,49.5,Lower pressure / High development
06037201503,Northeast Los Angeles,14,151.45,49.4,Lower pressure / High development
06037297502,San Pedro,15,96.5,49.2,Lower pressure / Low development
06037134720,Canoga Park-West Hills-Winnetka-Woodland Hills,3,162.7,49.2,Lower pressure / High development
06037265602,Westwood,5,211.85,49.2,Lower pressure / High development
06037134801,Canoga Park-West Hills-Winnetka-Woodland Hills,3,203.29,49.1,Lower pressure / High development
06037139200,Encino - Tarzana,4,229.63,49.1,Lower pressure / High development
06037271901,Palms - Mar Vista - Del Rey,11,200.98,49.0,Lower pressure / High development
06037132302,Reseda - West Van Nuys,4,162.98,49.0,Lower pressure / High development
06037131024,Reseda - West Van Nuys,3,146.34,48.9,Lower pressure / Low development
06037134423,Canoga Park-West Hills-Winnetka-Woodland Hills,12,330.66,48.9,Lower pressure / High development
06037207501,Central City,14,71.0,48.8,Lower pressure / Low development
06037294302,Wilmington - Harbor City,15,109.7,48.8,Lower pressure / Low development
06037201120,Northeast Los Angeles,14,167.39,48.7,Lower pressure / High development
06037297602,San Pedro,15,155.57,48.7,Lower pressure / High development
06037219010,West Adams - Baldwin Hills - Leimert,10,195.78,48.7,Lower pressure / High development
06037123020,Sun Valley - La Tuna Canyon,2,300.53,48.6,Lower pressure / High development
06037219700,West Adams - Baldwin Hills - Leimert,10,286.82,48.6,Lower pressure / High development
06037214700,Wilshire,5,270.55,48.6,Lower pressure / High development
06037264306,Brentwood - Pacific Palisades,11,89.05,48.6,Lower pressure / Low development
06037183300,Northeast Los Angeles,14,282.05,48.6,Lower pressure / High development
06037214000,Wilshire,5,375.46,48.6,Lower pressure / High development
06037216800,Wilshire,5,238.38,48.5,Lower pressure / High development
06037214100,Wilshire,5,297.64,48.5,Lower pressure / High development
06037181500,Northeast Los Angeles,14,320.2,48.5,Lower pressure / High development
06037275311,Palms - Mar Vista - Del Rey,11,241.39,48.4,Lower pressure / High development
06037189600,Hollywood,4,225.83,48.4,Lower pressure / High development
06037271500,Palms - Mar Vista - Del Rey,11,387.58,48.4,Lower pressure / High development
06037232300,South Los Angeles,9,209.08,48.2,Lower pressure / High development
06037186403,Northeast Los Angeles,1,249.4,48.2,Lower pressure / High development
06037201301,Northeast Los Angeles,14,211.99,48.2,Lower pressure / High development
06037275101,Palms - Mar Vista - Del Rey,11,258.19,48.2,Lower pressure / High development
06037274202,Venice,11,246.96,48.1,Lower pressure / High development
06037276608,Westchester - Playa del Rey,11,37.16,48.1,Lower pressure / Low development
06037132700,Reseda - West Van Nuys,4,305.3,48.1,Lower pressure / High development
06037131100,Reseda - West Van Nuys,6,551.12,48.1,Lower pressure / High development
06037124201,North Hollywood - Valley Village,2,379.57,48.1,Lower pressure / High development
06037231500,South Los Angeles,8,287.57,48.1,Lower pressure / High development
06037216700,Wilshire,10,331.41,48.0,Lower pressure / High development
06037204700,Boyle Heights,14,144.4,47.9,Lower pressure / Low development
06037102105,Sun Valley - La Tuna Canyon,2,427.81,47.7,Lower pressure / High development
06037113323,Chatsworth - Porter Ranch,12,77.97,47.7,Lower pressure / Low development
06037143602,Sherman Oaks-Studio City-Toluca Lake-Cahuenga Pass,2,178.43,47.6,Lower pressure / High development
06037104204,Arleta - Pacoima,7,167.12,47.5,Lower pressure / High development
06037103102,Sunland-E LaTuna Cyn-Lakevw Ter-Shadow Hls-Tujunga,7,364.0,47.5,Lower pressure / High development
06037134901,Reseda - West Van Nuys,3,488.64,47.5,Lower pressure / High development
06037197200,Silver Lake - Echo Park - Elysian Valley,13,360.46,47.5,Lower pressure / High development
06037106520,Sylmar,7,177.34,47.4,Lower pressure / High development
06037187300,Silver Lake - Echo Park - Elysian Valley,13,359.2,47.3,Lower pressure / High development
06037195201,Hollywood,4,225.83,47.1,Lower pressure / High development
06037237300,South Los Angeles,8,231.5,47.0,Lower pressure / High development
06037201501,Northeast Los Angeles,14,251.19,47.0,Lower pressure / High development
06037104103,Sunland-E LaTuna Cyn-Lakevw Ter-Shadow Hls-Tujunga,7,294.58,47.0,Lower pressure / High development
06037275400,Palms - Mar Vista - Del Rey,11,166.67,47.0,Lower pressure / High development
06037189400,Hollywood,4,325.56,47.0,Lower pressure / High development
06037104704,Arleta - Pacoima,7,70.98,46.9,Lower pressure / Low development
06037216301,Wilshire,5,149.57,46.8,Lower pressure / High development
06037236400,West Adams - Baldwin Hills - Leimert,8,261.89,46.8,Lower pressure / High development
06037271100,West Los Angeles,5,397.5,46.8,Lower pressure / High development
06037143302,Sherman Oaks-Studio City-Toluca Lake-Cahuenga Pass,2,158.39,46.7,Lower pressure / High development
06037267202,West Los Angeles,5,106.51,46.6,Lower pressure / Low development
06037800204,Canoga Park-West Hills-Winnetka-Woodland Hills,3,85.31,46.5,Lower pressure / Low development
06037296300,San Pedro,15,128.8,46.5,Lower pressure / Low development
06037119400,Arleta - Pacoima,6,298.14,46.4,Lower pressure / High development
06037121600,Sun Valley - La Tuna Canyon,2,441.54,46.3,Lower pressure / High development
06037183620,Northeast Los Angeles,1,220.57,46.3,Lower pressure / High development
06037186100,Northeast Los Angeles,13,330.75,46.3,Lower pressure / High development
06037271704,Palms - Mar Vista - Del Rey,5,90.14,46.2,Lower pressure / Low development
06037106020,Sylmar,7,330.1,46.1,Lower pressure / High development
06037264303,Brentwood - Pacific Palisades,11,70.13,46.0,Lower pressure / Low development
06037185202,Northeast Los Angeles,1,280.75,45.9,Lower pressure / High development
06037183401,Northeast Los Angeles,1,379.51,45.9,Lower pressure / High development
06037139001,Encino - Tarzana,4,321.47,45.9,Lower pressure / High development
06037265701,Westwood,5,152.08,45.7,Lower pressure / High development
06037104620,Arleta - Pacoima,7,187.77,45.6,Lower pressure / High development
06037134421,Canoga Park-West Hills-Winnetka-Woodland Hills,12,345.0,45.5,Lower pressure / High development
06037264103,Brentwood - Pacific Palisades,11,131.5,45.5,Lower pressure / Low development
06037113423,Chatsworth - Porter Ranch,3,156.68,45.5,Lower pressure / High development
06037195400,Silver Lake - Echo Park - Elysian Valley,13,347.18,45.5,Lower pressure / High development
06037197410,Silver Lake - Echo Park - Elysian Valley,13,301.46,45.4,Lower pressure / High development
06037183702,Northeast Los Angeles,14,224.56,45.4,Lower pressure / High development
06037121010,Sun Valley - La Tuna Canyon,2,364.36,45.3,Lower pressure / High development
06037117202,Mission Hills - Panorama City - North Hills,12,246.73,45.3,Lower pressure / High development
06037206051,Central City North,14,13.11,45.3,Lower pressure / Low development
06037201601,Northeast Los Angeles,14,208.67,45.2,Lower pressure / High development
06037143401,Sherman Oaks-Studio City-Toluca Lake-Cahuenga Pass,4,134.02,45.2,Lower pressure / Low development
06037128400,Van Nuys - North Sherman Oaks,4,363.49,45.2,Lower pressure / High development
06037276605,Westchester - Playa del Rey,11,38.24,45.0,Lower pressure / Low development
06037119004,Arleta - Pacoima,6,112.14,45.0,Lower pressure / Low development
06037106510,Sylmar,7,123.36,44.8,Lower pressure / Low development
06037101400,Sunland-E LaTuna Cyn-Lakevw Ter-Shadow Hls-Tujunga,7,280.37,44.8,Lower pressure / High development
06037201602,Northeast Los Angeles,14,261.09,44.8,Lower pressure / High development
06037141202,Sherman Oaks-Studio City-Toluca Lake-Cahuenga Pass,4,192.13,44.8,Lower pressure / High development
06037192410,Wilshire,13,240.54,44.8,Lower pressure / High development
06037117101,Mission Hills - Panorama City - North Hills,7,108.67,44.7,Lower pressure / Low development
06037293301,Wilmington - Harbor City,15,200.0,44.6,Lower pressure / High development
06037181400,Northeast Los Angeles,14,190.97,44.6,Lower pressure / High development
06037111303,Granada Hills - Knollwood,12,200.81,44.6,Lower pressure / High development
06037270300,West Adams - Baldwin Hills - Leimert,10,347.69,44.6,Lower pressure / High development
06037104403,Arleta - Pacoima,7,185.57,44.4,Lower pressure / High development
06037111205,Northridge,12,219.84,44.4,Lower pressure / High development
06037201200,Northeast Los Angeles,14,180.05,44.4,Lower pressure / High development
06037104824,Arleta - Pacoima,7,139.68,44.4,Lower pressure / Low development
06037183221,Northeast Los Angeles,14,366.78,44.3,Lower pressure / High development
06037143402,Sherman Oaks-Studio City-Toluca Lake-Cahuenga Pass,4,169.47,44.3,Lower pressure / High development
06037201402,Northeast Los Angeles,14,240.74,44.3,Lower pressure / High development
06037119900,Mission Hills - Panorama City - North Hills,6,340.03,44.3,Lower pressure / High development
06037106645,Granada Hills - Knollwood,12,382.42,44.2,Lower pressure / High development
06037121802,Sun Valley - La Tuna Canyon,6,324.97,44.2,Lower pressure / High development
06037217001,Wilshire,5,296.88,44.1,Lower pressure / High development
06037119202,Arleta - Pacoima,6,210.94,44.0,Lower pressure / High development
06037139600,Encino - Tarzana,4,269.26,44.0,Lower pressure / High development
06037297002,San Pedro,15,98.13,44.0,Lower pressure / Low development
06037294301,Wilmington - Harbor City,15,200.31,43.9,Lower pressure / High development
06037272100,Palms - Mar Vista - Del Rey,11,328.12,43.9,Lower pressure / High development
06037199110,Northeast Los Angeles,14,180.05,43.9,Lower pressure / High development
06037271703,Palms - Mar Vista - Del Rey,5,88.76,43.8,Lower pressure / Low development
06037104610,Arleta - Pacoima,7,190.88,43.7,Lower pressure / High development
06037195500,Silver Lake - Echo Park - Elysian Valley,13,317.42,43.6,Lower pressure / High development
06037111202,Granada Hills - Knollwood,12,359.41,43.6,Lower pressure / High development
06037109400,Mission Hills - Panorama City - North Hills,7,218.8,43.6,Lower pressure / High development
06037131802,Reseda - West Van Nuys,4,210.01,43.4,Lower pressure / High development
06037133101,Reseda - West Van Nuys,3,347.83,43.4,Lower pressure / High development
06037189802,Hollywood,13,89.53,43.3,Lower pressure / Low development
06037186302,Northeast Los Angeles,1,320.22,43.3,Lower pressure / High development
06037273200,Venice,11,236.59,43.3,Lower pressure / High development
06037267102,West Los Angeles,5,162.41,43.2,Lower pressure / High development
06037235100,West Adams - Baldwin Hills - Leimert,8,425.49,43.2,Lower pressure / High development
06037109500,Arleta - Pacoima,7,219.63,43.2,Lower pressure / High development
06037272301,Palms - Mar Vista - Del Rey,11,239.79,43.1,Lower pressure / High development
06037267800,West Los Angeles,5,247.79,43.0,Lower pressure / High development
06037103401,Sunland-E LaTuna Cyn-Lakevw Ter-Shadow Hls-Tujunga,7,131.92,43.0,Lower pressure / Low development
06037111206,Northridge,12,443.19,42.9,Lower pressure / High development
06037135111,Canoga Park-West Hills-Winnetka-Woodland Hills,3,328.34,42.9,Lower pressure / High development
06037111401,Granada Hills - Knollwood,12,217.2,42.9,Lower pressure / High development
06037139502,Encino - Tarzana,3,301.25,42.8,Lower pressure / High development
06037104322,Arleta - Pacoima,7,95.65,42.8,Lower pressure / Low development
06037199300,Northeast Los Angeles,1,303.28,42.5,Lower pressure / High development
06037273902,Venice,11,228.8,42.3,Lower pressure / High development
06037106641,Granada Hills - Knollwood,12,351.83,42.2,Lower pressure / High development
06037111100,Granada Hills - Knollwood,12,403.83,42.2,Lower pressure / High development
06037183104,Northeast Los Angeles,14,324.42,42.1,Lower pressure / High development
06037106649,Sylmar,7,247.04,41.8,Lower pressure / High development
06037264102,Brentwood - Pacific Palisades,11,142.25,41.8,Lower pressure / Low development
06037275603,Palms - Mar Vista - Del Rey,11,292.24,41.7,Lower pressure / High development
06037131600,Reseda - West Van Nuys,3,422.69,41.7,Lower pressure / High development
06037143101,Sherman Oaks-Studio City-Toluca Lake-Cahuenga Pass,2,152.61,41.7,Lower pressure / High development
06037201504,Northeast Los Angeles,14,196.14,41.7,Lower pressure / High development
06037131200,Reseda - West Van Nuys,12,437.55,41.6,Lower pressure / High development
06037135202,Canoga Park-West Hills-Winnetka-Woodland Hills,12,488.39,41.6,Lower pressure / High development
06037264305,Brentwood - Pacific Palisades,11,104.41,41.5,Lower pressure / Low development
06037106403,Sylmar,7,281.4,41.4,Lower pressure / High development
06037113428,Chatsworth - Porter Ranch,3,188.34,41.4,Lower pressure / High development
06037269700,West Adams - Baldwin Hills - Leimert,10,293.33,41.3,Lower pressure / High development
06037183222,Northeast Los Angeles,14,279.77,41.2,Lower pressure / High development
06037137203,Canoga Park-West Hills-Winnetka-Woodland Hills,3,318.18,41.2,Lower pressure / High development
06037113322,Chatsworth - Porter Ranch,12,321.0,41.2,Lower pressure / High development
06037243002,Southeast Los Angeles,15,111.94,41.2,Lower pressure / Low development
06037121210,Sun Valley - La Tuna Canyon,6,227.27,41.2,Lower pressure / High development
06037128910,Van Nuys - North Sherman Oaks,4,297.15,41.1,Lower pressure / High development
06037113101,Chatsworth - Porter Ranch,12,330.34,41.1,Lower pressure / High development
06037181600,Northeast Los Angeles,14,313.04,41.1,Lower pressure / High development
06037275604,Westchester - Playa del Rey,11,39.63,41.0,Lower pressure / Low development
06037195902,Silver Lake - Echo Park - Elysian Valley,13,275.4,41.0,Lower pressure / High development
06037296401,San Pedro,15,157.89,40.9,Lower pressure / High development
06037273700,Venice,11,357.61,40.9,Lower pressure / High development
06037297300,San Pedro,15,160.45,40.8,Lower pressure / High development
06037199202,Northeast Los Angeles,1,200.21,40.7,Lower pressure / High development
06037119802,Arleta - Pacoima,6,136.14,40.7,Lower pressure / Low development
06037183510,Northeast Los Angeles,1,343.25,40.6,Lower pressure / High development
06037109700,Granada Hills - Knollwood,12,393.2,40.6,Lower pressure / High development
06037271300,Palms - Mar Vista - Del Rey,11,317.48,40.5,Lower pressure / High development
06037291130,Harbor Gateway,15,192.82,40.5,Lower pressure / High development
06037275313,Palms - Mar Vista - Del Rey,11,140.43,40.4,Lower pressure / Low development
06037103402,Sunland-E LaTuna Cyn-Lakevw Ter-Shadow Hls-Tujunga,7,181.7,40.4,Lower pressure / High development
06037119001,Sun Valley - La Tuna Canyon,6,218.27,40.4,Lower pressure / High development
06037104124,Sunland-E LaTuna Cyn-Lakevw Ter-Shadow Hls-Tujunga,7,186.32,40.3,Lower pressure / High development
06037109604,Mission Hills - Panorama City - North Hills,7,290.25,40.2,Lower pressure / High development
06037276500,Westchester - Playa del Rey,11,367.67,40.2,Lower pressure / High development
06037104201,Arleta - Pacoima,7,221.35,40.1,Lower pressure / High development
06037101122,Sunland-E LaTuna Cyn-Lakevw Ter-Shadow Hls-Tujunga,7,301.65,40.1,Lower pressure / High development
06037189202,Hollywood,4,327.84,40.1,Lower pressure / High development
06037139402,Encino - Tarzana,3,499.52,40.0,Lower pressure / High development
06037143902,Sherman Oaks-Studio City-Toluca Lake-Cahuenga Pass,4,295.11,39.9,Lower pressure / High development
06037293204,Harbor Gateway,15,124.1,39.8,Lower pressure / Low development
06037188300,Northeast Los Angeles,13,418.46,39.8,Lower pressure / High development
06037234001,West Adams - Baldwin Hills - Leimert,10,277.73,39.7,Lower pressure / High development
06037106603,Granada Hills - Knollwood,12,253.29,39.7,Lower pressure / High development
06037109601,Mission Hills - Panorama City - North Hills,7,303.83,39.6,Lower pressure / High development
06037192002,Hollywood,5,318.94,39.6,Lower pressure / High development
06037236001,West Adams - Baldwin Hills - Leimert,10,167.66,39.5,Lower pressure / High development
06037188202,Hollywood,4,304.83,39.4,Lower pressure / High development
06037297001,San Pedro,15,150.16,39.4,Lower pressure / High development
06037134303,Canoga Park-West Hills-Winnetka-Woodland Hills,3,238.7,39.4,Lower pressure / High development
06037134302,Canoga Park-West Hills-Winnetka-Woodland Hills,12,359.23,39.3,Lower pressure / High development
06037194200,Hollywood,4,530.1,39.2,Lower pressure / High development
06037106113,Sylmar,7,246.63,39.2,Lower pressure / High development
06037183220,Northeast Los Angeles,14,234.35,38.9,Lower pressure / High development
06037128704,Van Nuys - North Sherman Oaks,4,204.85,38.9,Lower pressure / High development
06037195202,Hollywood,4,387.35,38.9,Lower pressure / High development
06037133000,Reseda - West Van Nuys,3,346.68,38.8,Lower pressure / High development
06037134101,Canoga Park-West Hills-Winnetka-Woodland Hills,3,284.53,38.8,Lower pressure / High development
06037108102,Chatsworth - Porter Ranch,12,379.97,38.7,Lower pressure / High development
06037201110,Northeast Los Angeles,14,264.06,38.7,Lower pressure / High development
06037137401,Canoga Park-West Hills-Winnetka-Woodland Hills,3,377.02,38.5,Lower pressure / High development
06037113213,Chatsworth - Porter Ranch,12,196.34,38.3,Lower pressure / High development
06037189704,Hollywood,4,128.07,38.3,Lower pressure / Low development
06037216901,Wilshire,10,244.4,38.2,Lower pressure / High development
06037125102,North Hollywood - Valley Village,2,204.74,38.1,Lower pressure / High development
06037295103,San Pedro,15,100.59,38.1,Lower pressure / Low development
06037267901,West Los Angeles,5,269.81,38.1,Lower pressure / High development
06037275312,Palms - Mar Vista - Del Rey,11,116.74,37.9,Lower pressure / Low development
06037143802,Sherman Oaks-Studio City-Toluca Lake-Cahuenga Pass,4,231.76,37.8,Lower pressure / High development
06037113424,Chatsworth - Porter Ranch,12,200.61,37.7,Lower pressure / High development
06037108103,Chatsworth - Porter Ranch,12,303.15,37.6,Lower pressure / High development
06037216100,Wilshire,10,358.7,37.6,Lower pressure / High development
06037276601,Westchester - Playa del Rey,11,344.9,37.4,Lower pressure / High development
06037109300,Granada Hills - Knollwood,12,424.64,37.4,Lower pressure / High development
06037135201,Canoga Park-West Hills-Winnetka-Woodland Hills,12,439.57,37.4,Lower pressure / High development
06037106405,Sylmar,7,82.57,37.3,Lower pressure / Low development
06037194102,Hollywood,4,474.03,37.2,Lower pressure / High development
06037267902,West Los Angeles,5,283.02,37.2,Lower pressure / High development
06037135205,Canoga Park-West Hills-Winnetka-Woodland Hills,12,160.05,37.1,Lower pressure / High development
06037276000,Westchester - Playa del Rey,11,350.13,37.1,Lower pressure / High development
06037293302,Wilmington - Harbor City,15,183.66,36.9,Lower pressure / High development
06037119700,Mission Hills - Panorama City - North Hills,6,303.75,36.8,Lower pressure / High development
06037132001,Reseda - West Van Nuys,6,419.46,36.7,Lower pressure / High development
06037143500,Sherman Oaks-Studio City-Toluca Lake-Cahuenga Pass,4,239.95,36.5,Lower pressure / High development
06037117404,Mission Hills - Panorama City - North Hills,12,341.46,36.4,Lower pressure / High development
06037181000,Northeast Los Angeles,14,442.51,36.2,Lower pressure / High development
06037277000,Westchester - Playa del Rey,11,452.0,36.2,Lower pressure / High development
06037117302,Northridge,12,320.33,36.2,Lower pressure / High development
06037278102,Westchester - Playa del Rey,11,263.06,36.1,Lower pressure / High development
06037106646,Granada Hills - Knollwood,12,397.04,36.0,Lower pressure / High development
06037181300,Northeast Los Angeles,14,361.93,36.0,Lower pressure / High development
06037121221,Sun Valley - La Tuna Canyon,6,232.65,35.7,Lower pressure / High development
06037291300,Harbor Gateway,15,234.47,35.7,Lower pressure / High development
06037211000,Wilshire,4,352.22,35.5,Lower pressure / High development
06037219500,West Adams - Baldwin Hills - Leimert,10,466.52,35.5,Lower pressure / High development
06037119801,Arleta - Pacoima,6,168.54,35.4,Lower pressure / High development
06037262604,Brentwood - Pacific Palisades,11,647.94,35.3,Lower pressure / High development
06037271400,Palms - Mar Vista - Del Rey,11,512.08,35.3,Lower pressure / High development
06037262706,Brentwood - Pacific Palisades,11,782.99,35.1,Lower pressure / High development
06037119201,Arleta - Pacoima,6,251.41,34.8,Lower pressure / High development
06037135204,Canoga Park-West Hills-Winnetka-Woodland Hills,12,293.63,34.6,Lower pressure / High development
06037113211,Chatsworth - Porter Ranch,12,146.97,34.5,Lower pressure / Low development
06037277100,Westchester - Playa del Rey,11,451.06,34.4,Lower pressure / High development
06037106010,Sylmar,7,199.59,34.4,Lower pressure / High development
06037107010,Sylmar,7,237.31,33.9,Lower pressure / High development
06037102104,Sun Valley - La Tuna Canyon,2,276.45,33.8,Lower pressure / High development
06037101300,Sunland-E LaTuna Cyn-Lakevw Ter-Shadow Hls-Tujunga,7,323.53,33.6,Lower pressure / High development
06037262802,Brentwood - Pacific Palisades,11,473.53,33.5,Lower pressure / High development
06037113303,Chatsworth - Porter Ranch,12,298.68,33.3,Lower pressure / High development
06037108202,Chatsworth - Porter Ranch,12,523.34,33.3,Lower pressure / High development
06037104310,Arleta - Pacoima,7,186.02,33.1,Lower pressure / High development
06037111201,Granada Hills - Knollwood,12,490.51,33.0,Lower pressure / High development
06037131300,Reseda - West Van Nuys,4,369.26,32.8,Lower pressure / High development
06037137502,Canoga Park-West Hills-Winnetka-Woodland Hills,3,408.61,32.7,Lower pressure / High development
06037134422,Canoga Park-West Hills-Winnetka-Woodland Hills,12,423.08,32.4,Lower pressure / High development
06037273100,Venice,11,316.03,32.4,Lower pressure / High development
06037296402,San Pedro,15,261.27,32.4,Lower pressure / High development
06037262704,Brentwood - Pacific Palisades,11,438.83,32.3,Lower pressure / High development
06037262400,Brentwood - Pacific Palisades,11,662.04,32.3,Lower pressure / High development
06037106112,Sylmar,7,208.25,32.2,Lower pressure / High development
06037106406,Sylmar,7,169.91,32.2,Lower pressure / High development
06037117301,Mission Hills - Panorama City - North Hills,12,398.97,32.1,Lower pressure / High development
06037113231,Chatsworth - Porter Ranch,12,309.34,32.0,Lower pressure / High development
06037131900,Reseda - West Van Nuys,6,381.22,31.9,Lower pressure / High development
06037134201,Canoga Park-West Hills-Winnetka-Woodland Hills,3,309.32,31.9,Lower pressure / High development
06037185102,Northeast Los Angeles,1,185.53,31.8,Lower pressure / High development
06037103101,Sunland-E LaTuna Cyn-Lakevw Ter-Shadow Hls-Tujunga,7,379.62,31.7,Lower pressure / High development
06037185204,Northeast Los Angeles,1,381.58,31.6,Lower pressure / High development
06037102107,Sun Valley - La Tuna Canyon,7,287.65,31.3,Lower pressure / High development
06037293306,Wilmington - Harbor City,15,200.67,31.0,Lower pressure / High development
06037139301,Encino - Tarzana,3,538.7,30.9,Lower pressure / High development
06037103300,Sunland-E LaTuna Cyn-Lakevw Ter-Shadow Hls-Tujunga,7,364.33,30.9,Lower pressure / High development
06037108203,Chatsworth - Porter Ranch,12,124.17,30.5,Lower pressure / Low development
06037113237,Chatsworth - Porter Ranch,12,194.61,30.5,Lower pressure / High development
06037143700,Sherman Oaks-Studio City-Toluca Lake-Cahuenga Pass,4,418.3,30.4,Lower pressure / High development
06037261200,Bel Air - Beverly Crest,5,451.84,30.4,Lower pressure / High development
06037139704,Encino - Tarzana,4,278.58,30.4,Lower pressure / High development
06037297400,San Pedro,15,260.14,29.8,Lower pressure / High development
06037195100,Silver Lake - Echo Park - Elysian Valley,4,384.05,29.5,Lower pressure / High development
06037143801,Sherman Oaks-Studio City-Toluca Lake-Cahuenga Pass,4,174.87,29.2,Lower pressure / High development
06037186203,Northeast Los Angeles,1,488.85,28.5,Lower pressure / High development
06037109200,Granada Hills - Knollwood,12,287.85,28.3,Lower pressure / High development
06037115101,Northridge,12,352.43,28.1,Lower pressure / High development
06037292002,Harbor Gateway,15,157.8,28.1,Lower pressure / High development
06037269000,West Los Angeles,5,276.82,27.9,Lower pressure / High development
06037262200,Bel Air - Beverly Crest,5,488.88,27.8,Lower pressure / High development
06037297501,San Pedro,15,197.08,27.5,Lower pressure / High development
06037137104,Canoga Park-West Hills-Winnetka-Woodland Hills,3,589.69,27.4,Lower pressure / High development
06037137402,Canoga Park-West Hills-Winnetka-Woodland Hills,3,348.28,27.3,Lower pressure / High development
06037261104,Bel Air - Beverly Crest,5,315.58,27.2,Lower pressure / High development
06037106642,Granada Hills - Knollwood,12,374.9,26.9,Lower pressure / High development
06037201302,Northeast Los Angeles,14,83.41,26.8,Lower pressure / Low development
06037143901,Sherman Oaks-Studio City-Toluca Lake-Cahuenga Pass,4,504.45,26.6,Lower pressure / High development
06037265410,Brentwood - Pacific Palisades,11,350.85,26.0,Lower pressure / High development
06037138000,Canoga Park-West Hills-Winnetka-Woodland Hills,3,409.84,25.7,Lower pressure / High development
06037141600,Sherman Oaks-Studio City-Toluca Lake-Cahuenga Pass,4,474.38,25.1,Lower pressure / High development
06037135102,Canoga Park-West Hills-Winnetka-Woodland Hills,12,392.94,24.9,Lower pressure / High development
06037139701,Encino - Tarzana,4,405.3,24.7,Lower pressure / High development
06037137301,Canoga Park-West Hills-Winnetka-Woodland Hills,3,604.34,24.5,Lower pressure / High development
06037137000,Canoga Park-West Hills-Winnetka-Woodland Hills,3,289.77,24.4,Lower pressure / High development
06037189300,Hollywood,4,479.54,24.3,Lower pressure / High development
06037700600,Bel Air - Beverly Crest,4,0.96,24.1,Lower pressure / Low development
06037108204,Chatsworth - Porter Ranch,12,56.23,24.1,Lower pressure / Low development
06037117303,Mission Hills - Panorama City - North Hills,12,406.79,23.4,Lower pressure / High development
06037262501,Brentwood - Pacific Palisades,11,803.95,22.4,Lower pressure / High development
06037194300,Hollywood,4,655.64,22.4,Lower pressure / High development
06037269300,West Los Angeles,5,506.82,21.9,Lower pressure / High development
06037262302,Brentwood - Pacific Palisades,11,431.22,21.8,Lower pressure / High development
06037108104,Chatsworth - Porter Ranch,12,244.52,21.7,Lower pressure / High development
06037139705,Encino - Tarzana,4,295.91,21.6,Lower pressure / High development
06037265420,Westwood,5,854.34,21.6,Lower pressure / High development
06037113232,Chatsworth - Porter Ranch,12,329.11,20.8,Lower pressure / High development
06037276400,Westchester - Playa del Rey,11,506.91,20.4,Lower pressure / High development
06037103202,Sunland-E LaTuna Cyn-Lakevw Ter-Shadow Hls-Tujunga,7,160.69,20.3,Lower pressure / High development
06037134424,Canoga Park-West Hills-Winnetka-Woodland Hills,12,270.32,20.1,Lower pressure / High development
06037106111,Sylmar,7,199.72,19.6,Lower pressure / High development
06037262100,Bel Air - Beverly Crest,5,864.49,18.8,Lower pressure / High development
06037264000,Brentwood - Pacific Palisades,11,561.63,18.6,Lower pressure / High development
06037261103,Bel Air - Beverly Crest,4,289.28,17.5,Lower pressure / High development
06037111204,Northridge,12,343.67,17.3,Lower pressure / High development
06037108101,Chatsworth - Porter Ranch,12,236.94,16.3,Lower pressure / High development
06037262301,Brentwood - Pacific Palisades,11,587.27,16.2,Lower pressure / High development
06037139802,Encino - Tarzana,3,400.42,15.7,Lower pressure / High development
06037137302,Canoga Park-West Hills-Winnetka-Woodland Hills,3,456.93,15.1,Lower pressure / High development
06037141700,Sherman Oaks-Studio City-Toluca Lake-Cahuenga Pass,4,505.68,14.1,Lower pressure / High development
06037139703,Encino - Tarzana,4,457.78,13.5,Lower pressure / High development
06037261102,Bel Air - Beverly Crest,5,631.91,13.0,Lower pressure / High development
06037106643,Granada Hills - Knollwood,12,294.87,7.9,Lower pressure / High development
06037137504,Canoga Park-West Hills-Winnetka-Woodland Hills,3,512.75,7.3,Lower pressure / High development
06037139801,Encino - Tarzana,3,485.4,6.5,Lower pressure / High development
06037141500,Encino - Tarzana,4,468.83,5.9,Lower pressure / High development
06037113102,Chatsworth - Porter Ranch,12,450.53,5.5,Lower pressure / High development
06037262601,Brentwood - Pacific Palisades,11,590.18,2.4,Lower pressure / High development
06037262303,Brentwood - Pacific Palisades,11,766.89,1.8,Lower pressure / High development
06037269500,West Los Angeles,5,522.44,1.2,Lower pressure / High development
